Name; Median Time; Min Time; Max Time; Median Frame Index; Min Frame Index; Max Frame Index; Min Depth; Max Depth; Total Time; Mean Time; Time Lower Quartile; Time Upper Quartile; Count Total; Count Median; Count Min; Count Max; Number of frames containing Marker; First Frame Index; Time Min Individual; Time Max Individual; Min Individual Frame; Max Individual Frame; Time at Median Frame
"performed";20.3592;20.3592;20.3592;434;434;434;7;7;20.3591995239258;20.3592;20.3592;20.3592;1;1;1;1;1;434;20.3592;20.3592;434;434;0
"PlayerLoop";16.1149;1.7349;46.146;486;433;455;1;1;2242.76849913597;16.13503;15.3701;17.3933;418;3;3;4;139;432;0.0001;45.1209;438;455;16.0341
"UpdateScene";15.001;0.5879;45.1205;486;433;455;2;2;2086.62519931793;15.01169;14.2758;16.3414;139;1;1;1;139;432;0.5879;45.1205;433;455;14.9201
"Update.ScriptRunBehaviourUpdate";13.9706;0.2269;33.2759;523;451;445;3;3;1686.36129455268;12.1321;12.9727;15.1996;139;1;1;1;139;432;0.2269;33.2759;451;445;13.8916
"BehaviourUpdate";13.9701;0.2267;33.2753;523;451;445;4;4;1686.30909368396;12.13172;12.9722;15.1994;139;1;1;1;139;432;0.2267;33.2753;451;445;13.8914
"Project.Internal.dll!::GearController.Update() [Invoke]";13.7268;0.0211;25.3293;523;433;529;5;5;1634.77359842137;11.76096;12.7731;14.8739;139;1;1;1;139;432;0.0211;25.3293;433;529;13.6887
"Loading.ReadObject";8.962999;1.4087;30.02914;540;500;444;6;6;256.08798456192;10.67033;1.5903;14.0638;13837;505;101;1616;24;442;0.0058;1.4928;444;465;0
"Loading.ReadObjectThreaded";6.016193;0.9161999;22.3595;540;500;444;7;7;188.093925893307;7.837247;1.0837;10.4506;13837;505;101;1616;24;442;0.0018;1.4746;442;465;0
"EditorLoop";5.5172;3.9245;720.9999;565;567;570;1;1;1649.94953203201;11.87014;4.9988;6.0586;556;4;4;4;139;432;0.0305;616.5869;461;570;5.68
"ReadObjectFromSerializedFile";5.507296;0.8134;20.84089;473;489;444;8;8;174.652543246746;7.277189;0.9744;9.778501;13837;505;101;1616;24;442;0.0011;1.4714;444;465;0
"IntegrateAllThreadedObjects";2.0121;0.4028;6.381379;465;476;444;7;7;56.5600129067898;2.356667;0.4341;3.031995;13837;505;101;1616;24;442;0.0032;0.4727;455;455;0
"GameObject.ActivateAwakeRecursively";1.3674;0.0011;1.4147;457;570;545;7;7;4.18960004672408;1.0474;0.0011;1.4064;49;16;1;16;4;457;0.0011;0.2143;457;545;0
"GameObject.Activate";1.3491;0.0011;1.3973;457;570;545;6;6;4.13679998740554;1.0342;0.0011;1.3893;25;8;1;8;4;457;0.0011;0.2144;570;545;0
"Unity.2D.Animation.Runtime.dll!UnityEngine.U2D.Animation::SpriteLibrary.OnEnable() [Invoke]";1.2757;1.2717;1.3017;505;457;545;8;8;3.84909987449646;1.283033;1.2717;1.2757;24;8;8;8;3;457;0.152;0.1861;505;545;0
"RenderPlayModeViewCameras";1.0852;0.9379;3.027;489;552;570;2;2;156.074799776077;1.12284;1.0244;1.1667;140;1;1;2;139;432;0.9379;1.8197;552;570;1.1135
"UnityEngine.CoreModule.dll!UnityEngine.Rendering::RenderPipelineManager.DoRenderLoop_Internal() [Invoke]";1.0473;0.9061;2.9434;450;459;570;3;3;149.730499386787;1.077198;0.9919;1.1224;140;1;1;2;139;432;0.9061;1.7823;459;570;1.0902
"Inl_UniversalRenderTotal";1.0298;0.8889;2.8878;450;459;570;4;4;146.848599970341;1.056465;0.973;1.1006;140;1;1;2;139;432;0.8889;1.7533;459;570;1.0692
"Inl_RenderCameraStack";1.0093;0.871;2.8322;559;459;570;5;5;143.949799895287;1.03561;0.9525;1.0785;140;1;1;2;139;432;0.871;1.7242;459;570;1.0493
"Loading.AwakeFromLoad";0.9834996;0.1974;3.185685;535;476;455;8;8;27.6879100352526;1.153663;0.2131001;1.377796;13837;505;101;1616;24;442;0.0015;0.4707;534;455;0
"AsyncReadManager.SyncRequest";0.8773;0.1327;17.44231;447;521;444;7;10;156.84932294488;3.734508;0.5459;5.0752;9090;60;1;970;42;434;0.0012;1.4334;500;465;0
"Inl_UniversalRenderPipeline.RenderSingleCameraInternal: Camera";0.794;0.6779;2.3406;435;459;570;6;6;113.604000210762;0.817295;0.7401;0.8586;140;1;1;2;139;432;0.6779;1.4723;459;570;0.8547
"Loading.LoadFileHeaders";0.7079;0.1957;1.7573;534;471;434;6;9;19.8620000481606;0.763923;0.2261;0.9693;137;5;1;14;26;434;0.1018;0.318;434;534;0
"File.Read";0.5782;0.0369;15.90824;489;521;444;8;11;134.838340517133;3.210437;0.2067;4.291199;9090;60;1;970;42;434;0.001;1.4326;444;465;0
"PreLateUpdate.ScriptRunBehaviourLateUpdate";0.4226;0.145;31.8466;524;451;444;3;3;323.489598363638;2.327263;0.3513;0.5982;139;1;1;1;139;432;0.145;31.8466;451;444;0.6757
"LateBehaviourUpdate";0.422;0.1447;31.846;524;451;444;4;4;323.433602631092;2.32686;0.3508;0.5978;139;1;1;1;139;432;0.1447;31.846;451;444;0.6755
"File.Open";0.3744;0.062;0.9051;445;460;444;8;11;14.3998998105526;0.3789447;0.2368;0.456;270;7;1;16;38;434;0.0343;0.1297;434;535;0
"Inl_RecordRenderGraph";0.2795;0.2495;0.7131;497;459;570;7;7;40.1508999466896;0.2888554;0.2665;0.2989;140;1;1;2;139;432;0.2495;0.4061;459;443;0.2897
"Inl_On Record Render Graph";0.2711;0.243;0.6866;541;459;570;8;8;38.9186998009682;0.2799906;0.2594;0.288;140;1;1;2;139;432;0.243;0.3952;459;458;0.2819
"InputActionCallback";0.2686;0.2686;20.704;443;443;434;6;6;20.9726004600525;10.4863;0.2686;0.2686;2;1;1;1;2;434;0.2686;20.704;443;434;0
"Inl_ExecuteRenderGraph";0.2682;0.2463;0.8056;487;552;570;7;7;38.5282000154257;0.2771813;0.2621;0.2812;140;1;1;2;139;432;0.2463;0.5192;552;570;0.2813
"canceled";0.2666;0.2666;0.2666;443;443;443;7;7;0.266600012779236;0.2666;0.2666;0.2666;1;1;1;1;1;443;0.2666;0.2666;443;443;0
"Unity.ResourceManager.dll!UnityEngine.ResourceManagement.Util::DelayedActionManager.LateUpdate() [Invoke]";0.243;0.0011;31.6381;528;436;444;5;5;298.278699044604;2.14589;0.1945;0.4135;139;1;1;1;139;432;0.0011;31.6381;436;444;0.4968
"Mono.JIT";0.2359;0.2359;3.4022;445;445;434;6;9;3.63810022175312;1.81905;0.2359;0.2359;40;2;2;38;2;434;0.0112;0.3477;434;434;0
"Profiler.FlushCounters";0.1491;0.1317;0.228;515;449;510;1;1;20.9002000689507;0.1503612;0.1428;0.154;139;1;1;1;139;432;0.1317;0.228;449;510;0.1482
"Profiler.FlushMemoryCounters";0.137;0.1205;0.2164;548;449;510;2;2;19.2631999850273;0.1385842;0.1318;0.142;139;1;1;1;139;432;0.1205;0.2164;449;510;0.1359
"Inl_ScriptableRenderContext.Submit";0.1266;0.104;0.2813;460;551;570;6;6;18.5276000201702;0.1332921;0.121;0.1361;140;1;1;2;139;432;0.104;0.2379;551;443;0.1116
"WaitForJobGroupID";0.1215;0.0559;0.4298;562;516;470;4;11;18.9944997765124;0.1366511;0.0925;0.1616;1447;10;4;26;139;432;0.0003;0.2306;435;546;0.1301
"Inl_NRPRGComp_SetupContextData";0.1207;0.1207;0.1207;570;570;570;8;8;0.120700001716614;0.1207;0.1207;0.1207;1;1;1;1;1;570;0.1207;0.1207;570;570;0
"UniversalRenderPipeline.RenderSingleCameraInternal: Camera";0.1099;0.0892;0.2463;456;551;570;7;7;16.2127999588847;0.1166388;0.1052;0.1201;140;1;1;2;139;432;0.0892;0.2196;551;443;0.0936
"CullScriptable";0.1055;0.0613;0.2871;447;463;546;7;7;16.1606999710202;0.116264;0.0795;0.1364;140;1;1;2;139;432;0.0613;0.2871;463;546;0.1436
"ExecuteRenderGraph";0.096;0.078;0.224;549;551;570;8;8;14.1673999279737;0.1019237;0.09;0.1041;140;1;1;2;139;432;0.078;0.2051;551;443;0.0829
"Project.Internal.dll!::AttacksMapToForms..cctor()";0.0929;0.0929;0.0929;434;434;434;9;9;0.0929000005125999;0.0929;0.0929;0.0929;1;1;1;1;1;434;0.0929;0.0929;434;434;0
"File.Close";0.087;0.0095;0.2473;446;529;444;8;10;3.02089997194707;0.08631143;0.045;0.1065;240;7;1;16;35;434;0.0056;0.0334;435;539;0
"BuildInterface.GetTypeForObject";0.07889999;0.0167;0.218;458;471;434;6;9;2.24360000900924;0.08629231;0.0184;0.1159;137;5;1;14;26;434;0.0145;0.0226;434;445;0
"Unity.2D.Animation.Runtime.dll!UnityEngine.U2D.Animation::DeformationManagerUpdater.LateUpdate() [Invoke]";0.0657;0.0549;0.1145;502;462;536;5;5;9.48169998824596;0.06821367;0.0625;0.0716;139;1;1;1;139;432;0.0549;0.1145;462;536;0.0676
"DeformationManager.LateUpdate";0.0641;0.0539;0.1121;502;462;536;6;6;9.24739997833967;0.06652806;0.0609;0.0701;139;1;1;1;139;432;0.0539;0.1121;462;536;0.0661
"FileVFS.IsDirectoryCreated";0.0614;0.06;0.0678;457;545;505;6;6;0.1891999989748;0.06306667;0.06;0.0614;3;1;1;1;3;457;0.06;0.0678;545;505;0
"RenderLoop.ScheduleDraw";0.0567;0.0303;0.16;502;533;446;10;11;8.14969989843667;0.05863094;0.0477;0.0624;2540;18;18;28;139;432;0.0001;0.0796;495;446;0.0358
"GameObject.AddComponent";0.0534;0.0534;0.0534;570;570;570;6;6;0.0533999986946583;0.0534;0.0534;0.0534;2;2;2;2;1;570;0.0129;0.0405;570;570;0
"FixedUpdate.Physics2DFixedUpdate";0.0477;0.0222;0.1874;514;488;570;3;3;6.33989997580647;0.0515439;0.0292;0.0624;159;1;1;7;123;434;0.0102;0.1514;567;530;0.0272
"Inl_Light2D Pass";0.0471;0.0437;0.07889999;442;552;570;8;8;6.69679994508624;0.04817842;0.0459;0.0489;697;5;5;7;139;432;0.0043;0.0345;459;554;0.0496
"Inl_NRPRGComp_BuildGraph";0.0436;0.0436;0.0436;570;570;570;8;8;0.0436000004410744;0.0436;0.0436;0.0436;1;1;1;1;1;570;0.0436;0.0436;570;570;0
"CullResults.CreateSharedRendererScene";0.0422;0.0266;0.2201;458;552;445;8;8;7.21849997527897;0.05193165;0.0331;0.0619;140;1;1;2;139;432;0.0266;0.2201;552;445;0.1006
"Physics2D.Simulate";0.0419;0.0177;0.1754;444;488;570;4;4;5.67659997008741;0.04615122;0.0242;0.0573;159;1;1;7;123;434;0.0093;0.1432;567;530;0.0226
"Inl_NRPRGComp_ExecuteBeginRenderpassCommand";0.0416;0.0381;0.1146;536;552;438;8;8;6.00819996744394;0.04322446;0.0404;0.0439;700;5;5;10;139;432;0.0042;0.0771;439;438;0.0439
"Inl_NRPRGComp_TryMergeNativePasses";0.0409;0.0409;0.0409;570;570;570;8;8;0.0408999994397163;0.0409;0.0409;0.0409;1;1;1;1;1;570;0.0409;0.0409;570;570;0
"Loading.LoadRemainingPreallocatedObjects";0.03960009;0.007499995;0.1200014;542;527;444;7;7;1.07150694634765;0.04464612;0.01049999;0.05590035;13837;505;101;1616;24;442;0;0.0027;442;442;0
"SceneCulling";0.0394;0.0256;0.2445;515;465;546;8;8;7.8465999532491;0.05645036;0.0323;0.0675;140;1;1;2;139;432;0.0256;0.2445;465;546;0.0346
"Physics2D.Collider2D.CreateShapes";0.0376;0.0338;0.057;441;436;535;6;6;0.590199995785952;0.04215714;0.0367;0.0462;35;2;2;4;14;434;0.0005;0.0496;435;454;0
"Texture.AwakeFromLoad";0.0362;0.01;0.1008;537;489;444;9;9;1.03580003138632;0.04315833;0.0131;0.0536;274;10;2;32;24;442;0.0001;0.0142;442;512;0
"Inl_NRPRGComp_FindResourceUsageRanges";0.0362;0.0362;0.0362;570;570;570;8;8;0.0361999981105328;0.0362;0.0362;0.0362;1;1;1;1;1;570;0.0362;0.0362;570;570;0
"EndRenderQueueExtraction";0.0361;0.0225;0.215;446;552;445;9;9;6.42489995621145;0.0462223;0.0285;0.0554;140;1;1;2;139;432;0.0225;0.215;552;445;0.0935
"Inl_NRPRGComp_ExecuteDestroyResources";0.0347;0.0325;0.07610001;536;546;570;8;8;4.89809962362051;0.03523813;0.034;0.0359;3632;26;26;44;139;432;0.0001;0.0123;433;554;0.0367
"Project.Internal.dll!::SpriteWithNormals.Update() [Invoke]";0.03329999;0.03099998;0.2084002;473;438;565;5;5;5.0104982573539;0.03604675;0.03239999;0.03439999;13344;96;96;96;139;432;0.0002;0.1736;432;565;0.03279999
"Physics2D.PolygonColliderPrepareShapes";0.0327;0.0292;0.0507;440;436;535;7;7;0.514199992641807;0.03672857;0.0316;0.0398;35;2;2;4;14;434;0.0003;0.0451;454;454;0
"Physics2D.PolygonColliderPrepareShapesDecomposition";0.0325;0.0291;0.0507;440;436;535;8;8;0.513099994510412;0.03665;0.0316;0.0396;35;2;2;4;14;434;0.0003;0.0451;454;454;0
"Unity.2D.Animation.Runtime.dll!UnityEngine.U2D.Animation::SpriteResolver.OnEnable() [Invoke]";0.0309;0.0286;0.0382;545;457;505;8;8;0.0976999998092651;0.03256667;0.0286;0.0309;24;8;8;8;3;457;0.0025;0.0113;457;505;0
"Physics2D.Step";0.0305;0.0132;0.1602;551;488;570;5;5;4.35240000300109;0.03538537;0.0195;0.0397;159;1;1;7;123;434;0.0085;0.1378;567;530;0.0182
"Unity.2D.Animation.Runtime.dll!UnityEngine.U2D.Animation::SpriteResolver.LateUpdate() [Invoke]";0.0293;0.0256;0.0349;518;451;482;5;5;4.0940004196018;0.02945324;0.0282;0.0304;3475;25;25;25;139;432;0.0007;0.0115;509;482;0.0298
"Inl_NRPRGComp_ExecuteInitializeResources";0.0284;0.0264;0.2818;486;547;570;8;8;4.2484996188432;0.03056475;0.0277;0.0295;3632;26;26;44;139;432;0;0.1365;432;570;0.0301
"Idle";0.0281;0.0002;0.2544;464;492;546;6;12;4.45399998738139;0.04049091;0.0104;0.0563;158;1;1;3;110;432;0.0002;0.1782;492;546;0.0659
"EZhex1991.EZSoftBone.dll!EZhex1991.EZSoftBone::EZSoftBone.LateUpdate() [Invoke]";0.0276;0.0236;0.0456;498;451;529;5;5;4.01219996809959;0.02886475;0.0262;0.0302;278;2;2;2;139;432;0.0049;0.0347;432;529;0.0298
"ExecuteRenderQueueJob";0.0272;0.0203;0.0546;570;469;510;12;12;0.976500000804663;0.02959091;0.0238;0.0323;33;1;1;1;33;434;0.0203;0.0546;469;510;0
"SpriteRenderer.PrepareNode";0.0266;0.0199;0.054;570;469;510;13;13;0.959799993783236;0.02908485;0.0233;0.0318;33;1;1;1;33;434;0.0199;0.054;469;510;0
"Inl_Bloom";0.0264;0.0238;0.0647;480;552;570;8;8;3.74409998394549;0.02693597;0.0256;0.0276;140;1;1;2;139;432;0.0238;0.0361;552;570;0.0268
"GC.Alloc";0.02619997;0.0002;0.1330013;476;433;434;5;10;4.47191156841291;0.03217202;0.02079997;0.0333;162378;948;4;4797;139;432;0;0.0063;432;545;0.03600002
"Inl_ComputeHashRenderGraph";0.026;0.0243;0.0585;497;545;570;7;7;3.68949997983873;0.02654316;0.0254;0.0271;140;1;1;2;139;432;0.0243;0.0335;545;480;0.0277
"CullSendEvents";0.0256;0.0046;0.2338;466;499;546;9;9;6.08219996700063;0.04375684;0.0207;0.0552;140;1;1;2;139;432;0.0046;0.2338;499;546;0.0211
"CoroutinesDelayedCalls";0.0249;0.0055;0.4498;517;432;445;4;4;14.1840998218395;0.1020439;0.0103;0.1728;716;5;4;12;139;432;0;0.4473;546;445;0.1143
"Update.ScriptRunDelayedDynamicFrameRate";0.0224;0.0048;0.4476;518;432;445;3;3;13.899599976372;0.09999713;0.0087;0.1708;139;1;1;1;139;432;0.0048;0.4476;432;445;0.112
"Physics2D.SolveDiscreteIslandTask";0.0214;0.0062;0.1431;522;486;530;6;6;2.88409999292344;0.02344797;0.0096;0.0289;159;1;1;7;123;434;0.0046;0.1304;497;530;0.0081
"Renderer2D Pass";0.0206;0.0093;0.05779999;457;533;570;9;9;2.77709996607155;0.01997914;0.0158;0.0228;698;5;5;8;139;432;0.0015;0.0224;533;570;0.0096
"Bloom";0.0198;0.0161;0.0506;442;551;570;9;9;2.86319997347891;0.02059856;0.0183;0.0217;140;1;1;2;139;432;0.0161;0.0319;551;451;0.0178
"Inl_Blit Color LUT";0.0198;0.0171;0.0531;453;551;570;8;8;2.85089998692274;0.02051007;0.0189;0.0214;140;1;1;2;139;432;0.0171;0.03;551;570;0.0202
"GameObject.Deactivate";0.0195;0.0194;0.0202;505;545;457;6;6;0.059099992737174;0.0197;0.0194;0.0195;24;8;8;8;3;457;0.0011;0.0104;457;457;0
"PreUpdate.SendMouseEvents";0.0194;0.0165;0.0289;461;480;434;3;3;2.71009998396039;0.01949712;0.0186;0.02;139;1;1;1;139;432;0.0165;0.0289;480;434;0.0188
"Monobehaviour.OnMouse_";0.0193;0.0165;0.0286;482;480;434;4;4;2.69829998724163;0.01941223;0.0185;0.0199;139;1;1;1;139;432;0.0165;0.0286;480;434;0.0188
"UnityEngine.InputLegacyModule.dll!UnityEngine::SendMouseEvents.DoSendMouseEvents() [Invoke]";0.0188;0.0161;0.028;526;462;434;5;5;2.62729998119175;0.01890144;0.018;0.0194;139;1;1;1;139;432;0.0161;0.028;462;434;0.0183
"Project.Internal.dll!::Zpoint.Update() [Invoke]";0.0186;0.0142;0.0272;505;450;445;5;5;2.64940010942519;0.01906043;0.0172;0.0206;2919;21;21;21;139;432;0.0004;0.0087;432;513;0.0177
"AssetDatabase.GetGUIDFromAssetPathV2";0.0185;0.0041;1.067598;567;552;455;5;9;8.8431272180751;0.06361962;0.0151;0.0322;16208;14;2;1634;139;432;0.0003;0.4693;434;455;0.0231
"Project.Internal.dll!::GameplayInput.Update() [Invoke]";0.0183;0.0068;11.3001;466;435;445;5;5;17.9096003575251;0.128846;0.017;0.0193;139;1;1;1;139;432;0.0068;11.3001;435;445;0.0169
"Inl_ColorGradingLUT";0.0179;0.0156;0.0481;525;551;570;9;9;2.5950999930501;0.01866978;0.0172;0.0195;140;1;1;2;139;432;0.0156;0.027;551;570;0.0185
"SpriteRenderer.AwakeFromLoad";0.0166;0.0112;0.018;545;457;505;8;8;0.0458000004291534;0.01526667;0.0112;0.0166;24;8;8;8;3;457;0.0007;0.0054;457;545;0
"EarlyUpdate.PollPlayerConnection";0.0165;0.011;0.0331;451;545;452;3;3;2.2392999920994;0.01611007;0.0134;0.018;139;1;1;1;139;432;0.011;0.0331;545;452;0.0166
"PlayerConnection.Poll";0.0162;0.0108;0.0328;451;486;452;4;4;2.20869998633862;0.01588993;0.0132;0.0177;139;1;1;1;139;432;0.0108;0.0328;486;452;0.0164
"Inl_UniversalRenderPipeline.CreateCameraData";0.0158;0.0136;0.0406;489;552;570;6;6;2.26409999001771;0.01628849;0.0149;0.0169;140;1;1;2;139;432;0.0136;0.0208;552;570;0.0165
"BaseDeformationSystem.TransformAccessJob";0.0157;0.0124;0.023;482;451;539;7;7;2.26229998748749;0.01627554;0.0148;0.0173;139;1;1;1;139;432;0.0124;0.023;451;539;0.0165
"Inl_ScriptableRenderer.SetupCullingParameters";0.0144;0.0121;0.0318;530;552;570;7;7;2.09269998874515;0.0150554;0.0136;0.0159;140;1;1;2;139;432;0.0121;0.0214;552;511;0.015
"PreUpdate.NewInputUpdate";0.0142;0.0123;20.7906;448;480;434;3;3;24.9840998128057;0.1797417;0.0134;0.0427;139;1;1;1;139;432;0.0123;20.7906;480;434;0.0126
"UnityEngine.IMGUIModule.dll!UnityEngine::GUIUtility.SetSkin() [Invoke]";0.014;0.0125;0.0275;454;464;570;3;3;1.99099998641759;0.01432374;0.0134;0.0144;139;1;1;1;139;432;0.0125;0.0275;464;570;0.014
"Project.Internal.dll!::UIRefresher.Update() [Invoke]";0.0135;0.0088;0.0172;538;505;540;5;5;1.89740027207881;0.01365036;0.0127;0.0145;3451;25;17;25;139;432;0.0002;0.005;439;457;0.0136
"Project.Internal.dll!::TransformWrapper.Update() [Invoke]";0.013;0.0111;0.0196;448;554;445;5;5;1.84089995082468;0.01324388;0.0124;0.0136;2224;16;16;16;139;432;0.0004;0.0061;436;471;0.0124
"Inl_Setup Camera Properties";0.0126;0.0114;0.0295;433;552;570;8;8;1.78499998897314;0.01284173;0.012;0.0131;140;1;1;2;139;432;0.0114;0.0218;552;539;0.0129
"Inl_CompileRenderGraph";0.0124;0.0111;0.3136;438;551;570;7;7;2.06029999256134;0.0148223;0.0117;0.0133;140;1;1;2;139;432;0.0111;0.2994;551;570;0.0126
"Inl_UpdateVolumeFramework";0.0123;0.0099;0.0321;531;550;570;6;6;1.76319998782128;0.01268489;0.0114;0.0132;140;1;1;2;139;432;0.0099;0.0176;550;512;0.0127
"Cull 2D Lights and Shadow Casters";0.0122;0.0101;0.0268;544;552;570;8;8;1.76989999134094;0.01273309;0.0114;0.0135;140;1;1;2;139;432;0.01;0.0181;570;535;0.0125
"Unity.ResourceManager.dll!::MonoBehaviourCallbackHooks.LateUpdate() [Invoke]";0.0121;0.0002;0.0174;481;570;477;5;5;1.69009996704699;0.01215899;0.0115;0.0128;277;2;1;2;139;432;0.0001;0.0173;432;477;0.0122
"Graphics.Blit";0.012;0.0109;0.0144;465;525;555;6;7;0.125099999830127;0.01251;0.0118;0.0132;20;2;2;2;10;435;0.0054;0.0072;525;555;0
"Project.Internal.dll!::MouseManager.Update() [Invoke]";0.012;0.0055;0.0141;480;500;437;5;5;1.52629998978227;0.01098058;0.0101;0.0124;139;1;1;1;139;432;0.0055;0.0141;500;437;0.0117
"Light2D Pass";0.012;0.0102;0.0213;454;493;434;9;9;1.74569999612868;0.01255899;0.0113;0.0131;697;5;5;7;139;432;0.0002;0.0106;432;472;0.0122
"Inl_RG_BloomDownsample";0.0119;0.011;0.0264;562;552;570;9;9;1.69419999327511;0.01218849;0.0118;0.0123;140;1;1;2;139;432;0.011;0.0157;552;564;0.0122
"Normal2D Pass";0.0118;0.0083;0.1031;491;454;446;9;9;2.19000001251698;0.0157554;0.009900001;0.0149;697;5;5;7;139;432;0.0002;0.0801;439;446;0.0135
"Project.Internal.dll!::AnimateFields.Update() [Invoke]";0.0114;0.0081;0.0283;439;545;434;5;5;1.62969999853522;0.01172446;0.0109;0.012;278;2;2;2;139;432;0.0018;0.0181;457;529;0.0108
"Project.Internal.dll!::TimeScaledTransform.LateUpdate() [Invoke]";0.0112;0.007499999;0.0242;521;462;545;5;5;1.59100005077198;0.01144604;0.0105;0.0121;2224;16;16;16;139;432;0.0003;0.0132;432;545;0.0106
"JobHandle.Complete";0.0111;0.0063;0.0373;515;555;452;7;8;1.74229990923777;0.01253453;0.009799999;0.0133;695;5;5;5;139;432;0.0001;0.0323;435;452;0.0113
"BaseDeformationSystem.BoneTransformsChangeDetection";0.011;0.0065;0.0356;516;555;452;7;7;1.65119998715818;0.01187914;0.0099;0.0125;139;1;1;1;139;432;0.0065;0.0356;555;452;0.0107
"Profiler.RequestScreenshot";0.0107;0.0099;0.0124;480;525;555;5;5;0.11019999999553;0.01102;0.0105;0.0113;10;1;1;1;10;435;0.0099;0.0124;525;555;0
"RG_BloomDownsample";0.0106;0.009;0.0244;532;478;570;10;10;1.54899998661131;0.01114388;0.0101;0.0117;140;1;1;2;139;432;0.009;0.0174;478;451;0.0096
"AwakeFromLoad Threaded";0.01049999;0.0019;0.02899996;542;466;444;8;8;0.271399786230177;0.01130832;0.0026;0.01459999;13837;505;101;1616;24;442;0;0.0022;442;442;0
"Inl_Renderer2D Pass";0.0101;0.009299999;0.0318;500;545;438;8;8;1.45220000389963;0.01044748;0.0099;0.0104;698;5;5;8;139;432;0.0013;0.0247;545;438;0.0105
"UnityEngine.InputModule.dll!UnityEngineInternal.Input::NativeInputSystem.NotifyBeforeUpdate() [Invoke]";0.0093;0.008;0.0806;434;433;511;4;4;2.06230000499636;0.01483669;0.0088;0.0108;139;1;1;1;139;432;0.008;0.0806;433;511;0.0083
"VolumeManager.Update";0.0093;0.0073;0.0241;499;550;570;7;7;1.33209998998791;0.009583453;0.0085;0.0101;140;1;1;2;139;432;0.0073;0.0135;550;512;0.0095
"Inl_RenderPipeline.EndCameraRendering";0.0092;0.0078;0.0749;566;551;443;6;6;1.40709998831153;0.01012302;0.0088;0.0101;140;1;1;2;139;432;0.0078;0.0749;551;443;0.0086
"Inl_ScriptableRenderer.SetPerCameraShaderVariables";0.0091;0.0084;0.0216;499;550;570;9;9;1.30439999140799;0.009384173;0.0088;0.0095;140;1;1;2;139;432;0.0084;0.0176;550;539;0.0095
"Inl_UniversalRenderPipeline.InitializeAdditionalCameraData";0.009;0.0083;0.0265;502;459;570;6;6;1.30169999040663;0.009364748;0.0087;0.0094;140;1;1;2;139;432;0.0083;0.0169;459;570;0.0096
"FixedUpdate.ScriptRunBehaviourFixedUpdate";0.0089;0.0073;0.4077;489;563;505;3;3;2.32099998136982;0.01886992;0.0082;0.01;159;1;1;7;123;434;0.0016;0.4077;456;505;0.0085
"Inl_RG_BloomUpsample";0.0087;0.0074;0.0226;438;552;570;9;9;1.23319998709485;0.008871943;0.0083;0.0092;140;1;1;2;139;432;0.0074;0.0127;552;570;0.0088
"PostLateUpdate.UpdateAudio";0.0087;0.0063;0.0128;509;462;539;3;3;1.23129999358207;0.008858274;0.0077;0.0098;139;1;1;1;139;432;0.0063;0.0128;462;539;0.007
"Unity.RenderPipelines.Universal.2D.Runtime.dll!UnityEngine.Rendering.Universal::Light2D.LateUpdate() [Invoke]";0.008599999;0.0067;0.0276;526;433;465;5;5;1.35029998514801;0.009714388;0.0078;0.01;834;6;6;6;139;432;0;0.0138;432;465;0.009000001
"RenderLoop.Sort";0.0085;0.0024;0.0555;446;450;470;13;14;0.141100001521409;0.01567778;0.0032;0.0228;22;2;2;4;9;446;0.0005;0.0247;450;470;0
"Inl_UniversalRenderPipeline.CreateRenderingData";0.0085;0.0067;0.0404;465;461;508;7;7;1.36489999108016;0.009819425;0.0079;0.0109;140;1;1;2;139;432;0.0067;0.0404;461;508;0.0117
"FixedBehaviourUpdate";0.0085;0.007;0.4071;489;478;505;4;4;2.27409999165684;0.01848862;0.0079;0.0096;159;1;1;7;123;434;0.0015;0.4071;456;505;0.0082
"SpriteRenderer.OnChangeSprite";0.008300001;0.0013;0.0343;547;529;537;6;6;0.638299970538355;0.008743836;0.003;0.0105;1121;9;1;34;73;432;0.0001;0.0122;432;536;0
"Inl_RG_BloomSetup";0.0082;0.0073;0.0183;481;552;570;9;9;1.16529999533668;0.008383453;0.0079;0.0086;140;1;1;2;139;432;0.0073;0.0124;552;446;0.0088
"Inl_NRPRGComp_CullNodes";0.0082;0.0082;0.0082;570;570;570;8;8;0.00820000004023314;0.0082;0.0082;0.0082;1;1;1;1;1;570;0.0082;0.0082;570;570;0
"Project.Internal.dll!::HealthBarControl.Update() [Invoke]";0.0081;0.0072;0.0159;505;480;570;5;5;1.17309999698773;0.008439568;0.0078;0.0088;139;1;1;1;139;432;0.0072;0.0159;480;570;0.0079
"Default";0.008099999;0.0072;0.0154;566;493;570;10;10;1.18109995592386;0.008497122;0.0078;0.0088;697;5;5;7;139;432;0;0.0093;434;541;0.009099999
"FillPerSkinJobSingleThread (Burst)";0.008;0.0009;0.0189;453;437;540;5;5;0.586099994601682;0.008028767;0.0015;0.0118;73;1;1;1;73;434;0.0009;0.0189;437;540;0
"EditorConnection.CheckForIncomingConnections";0.0078;0.0052;0.0104;544;486;523;5;5;1.06839999742806;0.007686331;0.0067;0.0085;139;1;1;1;139;432;0.0052;0.0104;486;523;0.0078
"PostLateUpdate.UpdateAllRenderers";0.0077;0.0025;0.0345;436;518;455;3;3;1.50099999061786;0.01079856;0.0034;0.017;139;1;1;1;139;432;0.0025;0.0345;518;455;0.0031
"AudioManager.Update";0.0077;0.0055;0.0117;528;479;539;4;4;1.09479999402538;0.007876259;0.0068;0.0088;139;1;1;1;139;432;0.0055;0.0117;479;539;0.0062
"Unity.RenderPipelines.Core.Runtime.dll!UnityEngine.Rendering::DebugUpdater.Update() [Invoke]";0.0076;0.0062;0.0102;555;432;570;5;5;1.07249999465421;0.007715827;0.0073;0.008;139;1;1;1;139;432;0.0062;0.0102;432;570;0.0071
"EditorConnection.PollAllCustomMessages";0.0074;0.0047;0.0233;537;464;452;5;5;1.01859999354929;0.007328058;0.0058;0.0083;139;1;1;1;139;432;0.0047;0.0233;464;452;0.0077
"Inl_RG_UberPostSetupBloomPass";0.0072;0.0058;0.0191;457;459;570;9;9;1.07099999021739;0.007705036;0.0067;0.0082;140;1;1;2;139;432;0.0058;0.0132;459;510;0.0074
"EditorResources.Load";0.0072;0.0063;0.0166;489;436;570;4;4;1.02789999451488;0.007394964;0.0069;0.0076;139;1;1;1;139;432;0.0063;0.0166;436;570;0.0074
"Project.Internal.dll!::SpriteWithNormals.ApplyLoadedSprites() [Coroutine: MoveNext] [Invoke]";0.007199998;0.0018;2.867299;451;538;434;5;8;14.7963996082544;0.1409181;0.005399999;0.1984001;3141;28;2;42;105;434;0;2.8625;435;434;0.09510002
"StartLocalToWorldAndChangeDetectionJob";0.0071;0.0057;0.0108;468;451;554;8;8;1.01789999613538;0.007323022;0.0066;0.008;139;1;1;1;139;432;0.0057;0.0108;451;554;0.0068
"Loading.CheckConsistency [Editor Only]";0.006999998;0.0012;0.02439997;538;527;444;8;8;0.205199817777611;0.008549992;0.002299999;0.01139999;13837;505;101;1616;24;442;0;0.0019;442;452;0
"PreLateUpdate.UIElementsUpdatePanels";0.0067;0.0051;0.0096;546;450;522;3;3;0.973999994341284;0.007007194;0.0063;0.0075;139;1;1;1;139;432;0.0051;0.0096;450;522;0.0068
"EZhex1991.EZSoftBone.dll!EZhex1991.EZSoftBone::EZSoftBone.Update() [Invoke]";0.0066;0.0049;0.0089;534;450;522;5;5;0.918799994047731;0.006610072;0.0061;0.0069;278;2;2;2;139;432;0.0009;0.0069;480;522;0.0061
"Inl_RG_UberPost";0.0066;0.0059;0.0161;562;551;570;8;8;0.944799995515496;0.006797122;0.0064;0.007;140;1;1;2;139;432;0.0059;0.0091;551;570;0.0071
"EngineJob";0.006399999;0;0.0705;551;465;446;6;12;1.71669998700236;0.01407131;0.0025;0.023;944;7;1;26;122;432;0;0.0624;432;446;0.0046
"DrawScreenSpaceUI";0.0062;0.0052;0.0126;458;475;570;9;9;0.885399994906038;0.006369784;0.0059;0.0065;280;2;2;4;139;432;0.0014;0.007;433;448;0.0059
"Profiler.CollectLegacyStats";0.0061;0.005;0.0074;515;516;511;2;2;0.852699996903539;0.006134532;0.0057;0.0064;139;1;1;1;139;432;0.005;0.0074;516;511;0.0059
"UnityEngine.UIElementsModule.dll!UnityEngine.UIElements::UIElementsRuntimeUtilityNative.UpdatePanels() [Invoke]";0.006;0.0044;0.0084;544;450;539;4;4;0.861199995037168;0.006195683;0.0056;0.0066;139;1;1;1;139;432;0.0044;0.0084;450;539;0.0061
"PostLateUpdate.SortingGroupsUpdate";0.006;0.0039;0.0133;560;553;536;3;3;0.931599997449666;0.006702158;0.0053;0.008;139;1;1;1;139;432;0.0039;0.0133;553;536;0.0058
"SortingGroupManager.Update";0.0059;0.0038;0.0131;482;553;536;4;4;0.911499991081655;0.006557554;0.0052;0.0079;139;1;1;1;139;432;0.0038;0.0131;553;536;0.0056
"Inl_UniversalRenderPipeline.InitializeStackedCameraData";0.0057;0.005;0.0134;463;447;570;7;7;0.808599995449185;0.005817266;0.0054;0.006;140;1;1;2;139;432;0.005;0.0071;447;512;0.0064
"Inl_Initialize Frame";0.0057;0.0049;0.0197;480;459;564;8;8;0.832499995362014;0.005989209;0.0054;0.0063;140;1;1;2;139;432;0.0049;0.0197;459;564;0.0065
"Blit Color LUT";0.0057;0.0047;0.022;558;552;564;9;9;0.884799994993955;0.006365468;0.0054;0.0065;140;1;1;2;139;432;0.0047;0.022;552;564;0.0057
"LocalToWorldAndChangeDetectionTransformAccessJob (Burst)";0.0056;0.0045;0.0062;566;554;542;10;10;0.0271000000648201;0.00542;0.0051;0.0057;5;1;1;1;5;465;0.0045;0.0062;554;542;0
"ColorGradingLUT";0.0055;0.0046;0.0218;528;551;564;10;10;0.854899994563311;0.00615036;0.0052;0.0062;140;1;1;2;139;432;0.0046;0.0218;551;564;0.0055
"Inl_UniversalRenderPipeline.SetupPerCameraShaderConstants";0.0054;0.0045;0.0151;517;484;570;7;7;0.793200000189245;0.005706475;0.0051;0.006;140;1;1;2;139;432;0.0045;0.0094;484;515;0.0059
"EarlyUpdate.PhysicsResetInterpolatedTransformPosition";0.0053;0;0.0066;561;441;556;3;3;0.664699996967101;0.004782015;0.005;0.0056;139;1;1;1;139;432;0;0.0066;441;556;0.0053
"RG_BloomUpsample";0.0052;0.0041;0.0152;435;551;570;10;10;0.753599992953241;0.005421583;0.0048;0.0057;140;1;1;2;139;432;0.0041;0.0091;551;451;0.0048
"Physics2D.ClearIslandFlagsTask";0.0052;0.0017;0.0544;443;444;570;7;7;0.838499995763414;0.006817073;0.004;0.0075;159;1;1;7;123;434;0.0017;0.0221;444;570;0.0043
"RenderLoop.Prepare";0.0051;0.0046;0.1091;505;548;446;13;14;0.261999997776002;0.0113913;0.005;0.0069;62;2;2;6;23;446;0.0016;0.0516;504;446;0
"Gfx.EndAsyncJobFrame";0.0049;0.0028;0.1473;466;551;508;3;5;2.92230000020936;0.02102374;0.004;0.0265;418;3;3;4;139;432;0.0001;0.1451;434;508;0.0064
"Profiler.FlushCountersWithFlushOnEndOfFrame";0.0049;0.0043;0.0094;481;477;570;2;2;0.691899995785207;0.004977698;0.0047;0.0051;139;1;1;1;139;432;0.0043;0.0094;477;570;0.0056
"Profiler.CollectPhysicsStats";0.0047;0.004;0.0058;465;462;539;4;4;0.577999996487051;0.004699187;0.0045;0.0049;123;1;1;1;123;434;0.004;0.0058;462;539;0.0046
"Audio.FMODSystemUpdate";0.0047;0.0031;0.0071;523;479;434;5;5;0.662099997978657;0.004763309;0.0039;0.0053;139;1;1;1;139;432;0.0031;0.0071;479;434;0.0037
"Setup Camera Properties";0.0046;0.004;0.0924;488;552;443;9;9;0.753599997144192;0.005421583;0.0044;0.0049;140;1;1;2;139;432;0.004;0.0924;552;443;0.0046
"TransformChangeSystem";0.0044;0.0026;0.0216;505;508;461;4;11;1.13259990070947;0.008148201;0.0033;0.0145;2268;16;10;42;139;432;0;0.0127;432;461;0.0028
"FixedUpdate.PhysicsFixedUpdate";0.0043;0.0034;0.0104;458;563;570;3;3;0.556600002106279;0.004525203;0.004;0.005;159;1;1;7;123;434;0.0007;0.0067;456;435;0.0039
"BaseDeformationSystem.GetSpriteSkinBatchData";0.0043;0.0029;0.0097;483;432;533;7;7;0.586599999340251;0.004220144;0.0034;0.0047;139;1;1;1;139;432;0.0029;0.0097;432;533;0.0048
"PlayerEndOfFrame";0.0043;0.0029;0.0216;490;468;511;3;3;0.829199998872355;0.005965468;0.0037;0.005;140;1;1;2;139;432;0.002;0.0216;570;511;0.003
"Inl_NRPRGComp_PrepareNativePass";0.0043;0.0043;0.0043;570;570;570;8;8;0.00430000014603138;0.0043;0.0043;0.0043;6;6;6;6;1;570;0.0003;0.0014;570;570;0
"Inl_RG_BloomPrefilter";0.004;0.0036;0.011;481;444;570;9;9;0.565700001781806;0.004069784;0.0037;0.0042;140;1;1;2;139;432;0.0036;0.008;444;443;0.0039
"CompileRenderGraph";0.004;0.0002;0.022;532;472;511;8;8;0.824799995665671;0.005933813;0.0019;0.0096;140;1;1;2;139;432;0.0002;0.022;472;511;0.0017
"InputSystemPlayerLoopRunnerInitializationSystem";0.004;0.003;0.0059;533;564;540;3;3;0.566700000315905;0.004076978;0.0038;0.0043;139;1;1;1;139;432;0.003;0.0059;564;540;0.0044
"Physics2D.SynchronizeFixturesTask";0.0039;0.002;0.1303;459;486;530;7;7;0.704999997746199;0.005731707;0.0029;0.0057;159;1;1;7;123;434;0.0013;0.1234;456;530;0.0028
"PreLateUpdate.ParticleSystemBeginUpdateAll";0.0039;0.0026;0.0064;489;451;539;3;3;0.563999996287748;0.004057554;0.0036;0.0044;139;1;1;1;139;432;0.0026;0.0064;451;539;0.0039
"Unity.ResourceManager.dll!UnityEngine.ResourceManagement.Util::DelayedActionManager..ctor() [Invoke]";0.0039;0.0039;0.0039;570;570;570;7;7;0.00389999989420176;0.0039;0.0039;0.0039;1;1;1;1;1;570;0.0039;0.0039;570;570;0
"TimeUpdate.WaitForLastPresentationAndUpdateTime";0.0038;0.003;0.0049;547;470;540;3;3;0.537299997638911;0.003865468;0.0037;0.0041;139;1;1;1;139;432;0.003;0.0049;470;540;0.0043
"LowLevelPhysics2D.PhysicsWorld.SimulateBatch";0.0037;0;0.008999999;481;432;570;4;4;0.481899992773833;0.003466906;0.0034;0.0041;298;2;1;8;139;432;0;0.0061;432;530;0.0032
"ParticleSystem.Update";0.0037;0.0025;0.0061;500;451;539;4;4;0.537799997022375;0.003869065;0.0034;0.0042;139;1;1;1;139;432;0.0025;0.0061;451;539;0.0037
"RG_BloomPrefilter";0.0037;0.0027;0.0106;501;462;570;10;10;0.541700000409037;0.003897122;0.0032;0.0042;140;1;1;2;139;432;0.0027;0.0067;462;499;0.0032
"UnityEngine.InputModule.dll!UnityEngineInternal.Input::NativeInputSystem.NotifyUpdate() [Invoke]";0.0037;0.0031;20.7797;531;480;434;4;4;22.769399323035;0.1638086;0.0035;0.0072;139;1;1;1;139;432;0.0031;20.7797;480;434;0.0035
"Physics2D.SolveContinuousIslandTask";0.0036;0.0019;0.038;520;483;570;6;6;0.624699999811128;0.005078862;0.0028;0.0056;159;1;1;7;123;434;0.0015;0.0148;466;502;0.0036
"DelayedCallManager.CancelCallDelayed";0.0036;0.0007;0.0063;525;545;535;6;6;0.0486999995773658;0.003246667;0.0022;0.0038;84;5;1;10;15;457;0;0.0027;545;535;0
"GUI.Repaint";0.0036;0.003;0.0071;543;475;570;10;10;0.524099996080622;0.003770504;0.0034;0.0039;140;1;1;2;139;432;0.003;0.0056;475;539;0.0033
"Unity.ResourceManager.dll!UnityEngine.ResourceManagement.Util::ComponentSingleton`1.OnEnable() [Invoke]";0.0036;0.0036;0.0036;570;570;570;7;7;0.00359999993816018;0.0036;0.0036;0.0036;1;1;1;1;1;570;0.0036;0.0036;570;570;0
"LowLevelPhysics2D.PhysicsWorld.Simulate";0.0033;0.0026;0.0083;515;494;570;5;5;0.426999996416271;0.003471545;0.0031;0.0038;159;1;1;7;123;434;0.0006;0.0054;456;530;0.0026
"PostLateUpdate.UpdateCustomRenderTextures";0.0033;0.0019;0.0045;563;476;513;3;3;0.461399997817352;0.003319424;0.003;0.0036;139;1;1;1;139;432;0.0019;0.0045;476;513;0.0033
"Blend Style 1";0.0032;0.0026;0.0112;445;466;472;10;10;0.488399997353554;0.003513669;0.0029;0.0039;278;2;2;2;139;432;0.0012;0.0094;466;472;0.0028
"gameObjectChangedScene.Invoke";0.0032;0.0032;0.0032;570;570;570;6;7;0.00320000015199184;0.0032;0.0032;0.0032;2;2;2;2;1;570;0.0013;0.0019;570;570;0
"GUI.ProcessEvents";0.0032;0.0032;0.0045;434;434;443;4;4;0.00769999972544611;0.00385;0.0032;0.0032;2;1;1;1;2;434;0.0032;0.0045;434;443;0
"UnityEngine.CoreModule.dll!::UpdateFunction.Invoke() [Invoke]";0.0032;0.0024;0.0048;484;460;540;4;4;0.446699998341501;0.003213669;0.003;0.0034;139;1;1;1;139;432;0.0024;0.0048;460;540;0.0036
"Physics2D.ClearBodyForcesTask";0.0032;0.0015;0.0398;526;462;570;6;6;0.587800000212155;0.004778862;0.0023;0.0058;159;1;1;7;123;434;0.0013;0.0161;567;566;0.0052
"Physics2D.gPhysics2D_ClearContinuousIslandFlagsTask";0.0031;0.0015;0.0366;475;483;570;7;7;0.557999996352009;0.004536585;0.0024;0.0049;159;1;1;7;123;434;0.0013;0.014;466;502;0.0031
"PrepareSceneNodesCombineJob";0.003;0.0013;0.004;490;445;522;12;12;0.016900000278838;0.002816667;0.0024;0.0031;6;1;1;1;6;445;0.0013;0.004;445;522;0
"Inl_Normal2D Pass";0.003;0.0025;0.0078;446;456;476;8;8;0.428399982396513;0.003082014;0.0028;0.0032;697;5;5;7;139;432;0.0002;0.0045;435;476;0.0031
"RG_UberPost";0.0029;0.002;0.0085;435;449;570;9;9;0.418499996885657;0.003010791;0.0026;0.0033;140;1;1;2;139;432;0.002;0.0055;449;539;0.0026
"Update.ScriptRunDelayedTasks";0.0029;0.0024;0.0041;456;448;557;3;3;0.41309999814257;0.002971943;0.0027;0.0031;139;1;1;1;139;432;0.0024;0.0041;448;557;0.0026
"BoneTransformsChangeDetectionJob (Burst)";0.0029;0.0015;0.0047;461;554;534;10;10;0.124499999918044;0.002964286;0.0027;0.0033;42;1;1;1;42;432;0.0015;0.0047;554;534;0
"Test Planes";0.0029;0.0025;0.0057;491;467;515;9;9;0.412099996581674;0.002964748;0.0028;0.003;696;5;5;6;139;432;0.0003;0.0033;435;515;0.003
"Physics2D.GetRayIntersection";0.0029;0.0019;0.0086;504;462;497;6;6;0.417999997502193;0.003007194;0.0026;0.0033;139;1;1;1;139;432;0.0019;0.0086;462;497;0.0034
"UnityEngine.InputModule.dll!UnityEngineInternal.Input::NativeInputSystem.ShouldRunUpdate() [Invoke]";0.0029;0.0019;0.0074;525;433;570;4;4;0.413999994867481;0.002978417;0.0024;0.0034;438;3;2;10;139;432;0.0001;0.0028;500;442;0.0027
"CustomRenderTextures.Update";0.0029;0.0015;0.0039;533;438;557;4;4;0.404699999955483;0.002911511;0.0027;0.0032;139;1;1;1;139;432;0.0015;0.0039;438;557;0.003
"Unity.RenderPipelines.Core.Runtime.dll!UnityEngine.Rendering::Volume.Update() [Invoke]";0.0028;0.0022;0.005;452;432;442;5;5;0.388799997745082;0.002797122;0.0026;0.003;139;1;1;1;139;432;0.0022;0.005;432;442;0.0024
"CullSceneDynamicObjects";0.0028;0.0026;0.0036;466;456;535;11;11;0.141800000099465;0.002836;0.0027;0.0029;50;1;1;1;50;432;0.0026;0.0036;456;535;0.0029
"Inl_UniversalRenderPipeline.SetupPerFrameShaderConstants";0.0027;0.0022;0.007;474;433;570;5;5;0.386799996951595;0.002782734;0.0025;0.0029;140;1;1;2;139;432;0.0022;0.004;433;539;0.0028
"Physics2D.GetRayIntersectionAll";0.0027;0.0017;0.0082;481;462;497;7;7;0.378199998987839;0.002720863;0.0023;0.003;139;1;1;1;139;432;0.0017;0.0082;462;497;0.0031
"StartWorldToLocalJob";0.0027;0.0022;0.0072;511;451;555;8;8;0.384799997787923;0.002768345;0.0026;0.0028;139;1;1;1;139;432;0.0022;0.0072;451;555;0.003
"EndGraphicsJobs";0.0026;0.0005;0.0057;449;433;434;3;4;0.372400000167545;0.002679137;0.0022;0.003;417;3;3;3;139;432;0;0.0056;432;522;0.0032
"InputUpdate";0.0026;0.0022;20.7773;452;480;434;5;5;22.5882998642046;0.1625058;0.0024;0.005;139;1;1;1;139;432;0.0022;20.7773;480;434;0.0025
"PreLateUpdate.EndGraphicsJobsAfterScriptUpdate";0.0026;0.0006;0.0057;493;433;522;3;3;0.371799998509232;0.00267482;0.0022;0.003;139;1;1;1;139;432;0.0006;0.0057;433;522;0.0033
"UnityEngine.CoreModule.dll!UnityEngine::UnitySynchronizationContext.ExecuteTasks() [Invoke]";0.0026;0.0022;0.0037;506;432;557;4;4;0.372099996078759;0.002676978;0.0024;0.0029;139;1;1;1;139;432;0.0022;0.0037;432;557;0.0023
"EarlyUpdate.InsightsUpdate";0.0026;0.0021;0.0297;543;433;536;3;3;0.401399996131659;0.00288777;0.0025;0.0028;139;1;1;1;139;432;0.0021;0.0297;433;536;0.0025
"PostUpdateScreenManagerAndInput";0.0026;0.0013;0.0067;548;439;511;3;3;0.438599996850826;0.003155396;0.0023;0.004;139;1;1;1;139;432;0.0013;0.0067;439;511;0.0026
"FrameEvents.NewInputBeforeRenderUpdate";0.0026;0.0015;0.007;550;469;570;3;3;0.373799998662435;0.002689209;0.0022;0.0032;140;1;1;2;139;432;0.0015;0.0041;469;512;0.0027
"WaitForRenderJobs";0.0026;0.0017;0.1454;445;468;508;4;6;2.64589998091105;0.01903525;0.0021;0.0247;418;3;3;4;139;432;0.0001;0.1449;432;508;0.0037
"ProcessRemoteInput";0.0025;0.0017;0.0032;460;432;473;4;4;0.346499996376224;0.002492806;0.0023;0.0026;139;1;1;1;139;432;0.0017;0.0032;432;473;0.0021
"UnityEngine.CoreModule.dll!UnityEngine.Experimental.Rendering::ScriptableRuntimeReflectionSystemWrapper.Internal_ScriptableRuntimeReflectionSystemWrapper_TickRealtimeProbes() [Invoke]";0.0025;0.0019;0.0039;472;553;534;3;3;0.346999997273088;0.002496403;0.0023;0.0026;139;1;1;1;139;432;0.0019;0.0039;553;534;0.0028
"Profiler.CollectAudioStats";0.0025;0.0019;0.0033;485;490;511;3;3;0.345699997851625;0.00248705;0.0022;0.0027;278;2;2;2;139;432;0.0006;0.0021;458;518;0.0024
"EarlyUpdate.ProcessRemoteInput";0.0025;0.0018;0.0033;528;432;570;3;3;0.352399996249005;0.002535252;0.0024;0.0027;139;1;1;1;139;432;0.0018;0.0033;432;570;0.0021
"Inl_DrawScreenSpaceUI";0.0025;0.0021;0.0052;561;450;570;8;8;0.356800000416115;0.002566906;0.0024;0.0027;280;2;2;4;139;432;0.0008;0.002;437;444;0.0027
"Unity.ResourceManager.dll!::MonoBehaviourCallbackHooks.Update() [Invoke]";0.0024;0.0004;0.0045;549;570;439;5;5;0.34200000364217;0.002460432;0.0023;0.0026;277;2;1;2;139;432;0;0.0043;444;439;0.0022
"PostLateUpdate.PlayerUpdateCanvases";0.0024;0.0016;0.005;453;432;434;3;3;0.335899996571243;0.002416547;0.0021;0.0026;139;1;1;1;139;432;0.0016;0.005;432;434;0.0027
"Physics2D.LinecastAll";0.0023;0.0013;0.0079;436;462;497;8;8;0.320399998221546;0.002305036;0.002;0.0026;139;1;1;1;139;432;0.0013;0.0079;462;497;0.0026
"ScheduleUpdateRendererBoundingVolumes";0.0023;0.0013;0.0068;469;490;541;4;10;0.325299995369278;0.002340288;0.0016;0.0028;267;1;1;3;139;432;0.0002;0.0068;482;541;0.0015
"Physics.Raycast";0.0023;0.0016;0.0036;510;480;434;6;6;0.325499998172745;0.002341727;0.0021;0.0025;139;1;1;1;139;432;0.0016;0.0036;480;434;0.0018
"UnsafeUtility.Free";0.0023;0.0011;0.0043;569;463;558;7;7;0.318899980513379;0.002294244;0.002;0.0025;834;6;6;6;139;432;0;0.0023;445;558;0.0027
"VolumeManager.ReplaceData";0.0022;0.0014;0.0061;460;550;570;8;8;0.305699998745695;0.002199281;0.0019;0.0024;140;1;1;2;139;432;0.0014;0.0034;550;472;0.002
"Physics.PrepareSimulationStage";0.0022;0.0018;0.006699999;480;462;570;4;4;0.285299998242408;0.002319512;0.002;0.0025;159;1;1;7;123;434;0.0004;0.0033;570;570;0.0023
"NewAssembly.dll!::LeanTween.Update() [Invoke]";0.0022;0.0013;0.1464;497;462;435;5;5;1.87259999860544;0.01347194;0.0019;0.0131;139;1;1;1;139;432;0.0013;0.1464;462;435;0.0023
"Inl_UniversalRenderPipeline.CreateLightData";0.0022;0.0017;0.0266;504;461;489;8;8;0.349899998633191;0.002517266;0.002;0.0026;140;1;1;2;139;432;0.0017;0.0266;461;489;0.0027
"PrepareSceneNodes";0.0022;0.0019;0.0194;517;470;565;9;9;0.339899998623878;0.002445324;0.0021;0.0024;140;1;1;2;139;432;0.0019;0.0194;470;565;0.0022
"Inl_ScriptableRenderer.ClearRenderingState";0.0022;0.0019;0.0055;545;547;570;9;9;0.322899999562651;0.002323022;0.0021;0.0025;140;1;1;2;139;432;0.0019;0.0034;547;531;0.0026
"UpdateScreenManagerAndInput";0.0021;0.0017;0.006;467;432;570;3;3;0.308599999756552;0.002220144;0.0019;0.0023;139;1;1;1;139;432;0.0017;0.006;432;570;0.0019
"Physics2D.Collider2D.DestroyShapes";0.002;0.0015;0.0031;442;437;535;6;6;0.0296999994898215;0.002121428;0.0019;0.0021;35;2;2;4;14;434;0;0.0027;434;535;0
"EarlyUpdate.AnalyticsCoreStatsUpdate";0.002;0.0013;0.0026;457;463;536;3;3;0.275500000920147;0.001982014;0.0018;0.0021;139;1;1;1;139;432;0.0013;0.0026;463;536;0.0019
"DestroyCullResults";0.002;0.0009;0.0718;458;433;447;3;3;0.54439999430906;0.003916547;0.0012;0.0056;140;1;1;2;139;432;0.0009;0.0718;433;447;0.0012
"Project.Internal.dll!::SingleSceneManager.EnsureBlackscreenClearsAfterUnlockRoutine() [Coroutine: MoveNext] [Invoke]";0.002;0.0011;0.023;509;491;473;5;5;0.223999998532236;0.002285714;0.0015;0.0024;98;1;1;1;98;473;0.0011;0.023;491;473;0.0013
"Inl_UniversalRenderPipeline.CreateShadowData";0.002;0.0016;0.0286;554;461;508;8;8;0.318999998969957;0.002294964;0.0019;0.0023;140;1;1;2;139;432;0.0016;0.0286;461;508;0.0021
"Physics.SyncTransforms";0.0019;0.0015;0.0063;480;560;570;5;5;0.246699999901466;0.002005691;0.0017;0.0022;159;1;1;7;123;434;0.0004;0.0031;456;570;0.002
"Profiler.ScreenshotUpdate";0.0019;0.0008;0.0186;562;468;511;4;4;0.511899999924935;0.003682734;0.0018;0.0022;140;1;1;2;139;432;0.0002;0.0186;570;511;0.0008
"UIEvents.WillRenderCanvases";0.0018;0.0013;0.004;439;432;434;4;4;0.247399999527261;0.001779856;0.0016;0.0019;139;1;1;1;139;432;0.0013;0.004;432;434;0.0018
"PrepareSceneCullingParameters";0.0018;0.0015;0.0085;481;448;570;8;8;0.285199998994358;0.002051799;0.0017;0.0022;140;1;1;2;139;432;0.0015;0.0056;448;556;0.0019
"Physics2D.OverlapPointAll";0.0018;0.001;0.0075;500;462;497;9;9;0.254299999214709;0.001829496;0.0015;0.0021;139;1;1;1;139;432;0.001;0.0075;462;497;0.0021
"PreUpdate.Physics2DUpdate";0.0018;0.0014;0.0353;517;494;443;3;3;0.458500000182539;0.003298561;0.0017;0.0022;139;1;1;1;139;432;0.0014;0.0353;494;443;0.0014
"PostLateUpdate.MemoryFrameMaintenance";0.0018;0.0013;0.0026;528;459;497;3;3;0.252600000356324;0.001817266;0.0017;0.002;139;1;1;1;139;432;0.0013;0.0026;459;497;0.0015
"Project.Internal.dll!::FontText.Update() [Invoke]";0.0018;0.0012;1.5269;456;500;545;5;5;4.74080016266089;0.03410647;0.0015;0.002;834;6;6;6;139;432;0;1.5253;433;545;0.0015
"PrepareSceneNodesSetUp";0.0018;0;0.0096;554;440;480;12;12;0.205799996314454;0.002212903;0.0003;0.0027;385;5;1;6;93;432;0;0.0096;432;480;0.0016
"Project.Internal.dll!::SpriteWithNormals.ApplyLoadedSprites() [Coroutine: System.Collections.IEnumerator.get_Current] [Invoke]";0.0018;0.0006;0.005199998;530;538;474;5;8;0.202199958031997;0.001925714;0.0016;0.002099999;2834;28;2;28;105;434;0;0.0032;434;474;0.0016
"FrameEvents.OnBeforeRenderCallback";0.0017;0.0012;0.0037;445;469;570;3;3;0.241199998534285;0.001735252;0.0015;0.0019;140;1;1;2;139;432;0.0012;0.0027;469;511;0.0016
"Audibility computation";0.0017;0.0009;0.0032;448;479;434;6;6;0.23999999940861;0.001726619;0.0012;0.002;139;1;1;1;139;432;0.0009;0.0032;479;434;0.0011
"PreLateUpdate.AccessibilityUpdate";0.0017;0.0012;0.0037;457;510;515;3;3;0.236099999165162;0.001698561;0.0015;0.0018;139;1;1;1;139;432;0.0012;0.0037;510;515;0.0016
"Physics2D.InterpolationPosesSetup";0.0017;0.001;0.0039;515;469;570;5;5;0.209599997731857;0.001704065;0.0014;0.002;159;1;1;7;123;434;0.0001;0.0032;435;512;0.0016
"Physics2D.SyncTransformChanges";0.0017;0.0012;0.0219;520;432;461;5;5;0.886799978441559;0.006379856;0.0015;0.0136;298;2;1;8;139;432;0.0001;0.0216;456;461;0.0016
"UnityEngine.IMGUIModule.dll!UnityEngine::Event.Internal_MakeMasterEventCurrent() [Invoke]";0.0017;0.0014;0.0034;542;447;570;5;11;0.249099999316968;0.001792086;0.0016;0.0019;142;1;1;2;139;432;0.0007;0.0029;434;523;0.0015
"Physics2D.Rigidbody2D.RecalculateContacts";0.0016;0.0016;0.0017;451;451;537;7;7;0.00329999998211861;0.00165;0.0016;0.0016;2;1;1;1;2;451;0.0016;0.0017;451;537;0
"PreLateUpdate.Physics2DLateUpdate";0.0016;0.0007;0.0057;481;451;490;3;3;0.245299998263363;0.001764748;0.0013;0.002;139;1;1;1;139;432;0.0007;0.0057;451;490;0.0014
"UGUI.Rendering.UpdateBatches";0.0016;0.0012;0.0039;515;432;434;5;5;0.229199998546392;0.001648921;0.0015;0.0018;139;1;1;1;139;432;0.0012;0.0039;432;434;0.0016
"PreUpdate.AIUpdate";0.0016;0.0013;0.0032;521;432;536;3;3;0.227199998567812;0.001634532;0.0015;0.0017;139;1;1;1;139;432;0.0013;0.0032;432;536;0.0013
"Find dependency chain";0.0016;0.0006;0.0036;454;491;570;5;12;0.222299981629476;0.00159928;0.0011;0.002;1447;10;4;26;139;432;0;0.002;435;566;0.0013
"InputSystem.onBeforeUpdate";0.0015;0.0011;0.0023;459;433;570;5;5;0.205299997585826;0.001476978;0.0014;0.0015;139;1;1;1;139;432;0.0011;0.0023;433;570;0.0014
"LowLevelPhysics2D.PhysicsWorld.PreSimulate";0.0015;0.0012;0.0038;475;442;530;6;6;0.187999996473081;0.001528455;0.0013;0.0016;159;1;1;7;123;434;0.0002;0.0035;443;530;0.0012
"EarlyUpdate.PlayerCleanupCachedData";0.0015;0.0011;0.0036;483;438;446;3;3;0.212799997534603;0.001530935;0.0013;0.0016;139;1;1;1;139;432;0.0011;0.0036;438;446;0.0012
"Profiler.CollectEditorStats";0.0015;0.0012;0.0063;491;469;513;1;1;0.217299998505041;0.001563309;0.0014;0.0016;139;1;1;1;139;432;0.0012;0.0063;469;513;0.0015
"BeginRenderQueueExtraction";0.0015;0.0012;0.0047;508;438;570;9;9;0.238399997237138;0.001715108;0.0013;0.0018;140;1;1;2;139;432;0.0012;0.0042;438;458;0.0013
"PrepareUpdateRendererBoundingVolumes";0.0015;0.0008;0.0036;516;462;518;4;10;0.222299993329216;0.001599281;0.0012;0.0018;558;4;4;6;139;432;0;0.0028;435;518;0.002
"Initialization.DirectorSampleTime";0.0015;0.0011;0.0056;542;451;506;3;3;0.217699998407625;0.001566187;0.0014;0.0017;139;1;1;1;139;432;0.0011;0.0056;451;506;0.0014
"Inl_SetGlobalProperties";0.0015;0.0013;0.0043;564;560;484;8;8;0.223699998343363;0.001609353;0.0015;0.0016;140;1;1;2;139;432;0.0013;0.0043;560;484;0.0016
"CullObjectsWithoutUmbra";0.0015;0.0014;0.002;566;548;535;12;12;0.0787999997846782;0.001576;0.0015;0.0016;50;1;1;1;50;432;0.0014;0.002;548;535;0.0016
"PreUpdate.InputForUIUpdate";0.0014;0.001;0.0019;438;462;434;3;3;0.191199997672811;0.00137554;0.0013;0.0015;139;1;1;1;139;432;0.001;0.0019;462;434;0.0013
"PlayerCleanupCachedData";0.0014;0.001;0.0035;501;568;446;5;5;0.203199997195043;0.001461871;0.0013;0.0016;139;1;1;1;139;432;0.001;0.0035;568;446;0.0012
"afterCullingOutputReady.Invoke";0.0014;0.0011;0.044;548;433;570;10;10;0.274399997317232;0.001974101;0.0013;0.0017;140;1;1;2;139;432;0.0011;0.0414;433;570;0.0013
"Cleanup Unused Cached Data";0.0014;0.001;0.0035;551;568;446;4;4;0.207499997806735;0.001492806;0.0013;0.0016;139;1;1;1;139;432;0.001;0.0035;568;446;0.0012
"UnsafeUtility.Malloc";0.0014;0.0009;0.0148;445;432;570;7;9;0.218599984538741;0.001572662;0.0011;0.0017;872;6;6;44;139;432;0;0.0044;519;500;0.0015
"RenderingCommandBuffer.PrepareKeywords";0.0014;0.0007;0.006799999;506;459;438;10;11;0.202699970686808;0.001458273;0.0012;0.0016;3355;24;24;43;139;432;0;0.0056;432;438;0.0015
"PreUpdate.WindUpdate";0.0013;0.0009;0.0017;442;432;454;3;3;0.175499996636063;0.00126259;0.0012;0.0013;139;1;1;1;139;432;0.0009;0.0017;432;454;0.0012
"UnityEngine.CoreModule.dll!UnityEngine::Application.InvokeOnBeforeRender() [Invoke]";0.0013;0.0009;0.0026;446;459;570;4;4;0.183899997849949;0.001323022;0.0011;0.0015;140;1;1;2;139;432;0.0009;0.0021;459;511;0.0013
"ReflectionProbes.Update";0.0013;0.0009;0.0027;450;449;534;4;4;0.177399997832254;0.001276259;0.0011;0.0014;139;1;1;1;139;432;0.0009;0.0027;449;534;0.0014
"Loading.UpdatePreloading";0.0013;0.0008;0.0044;461;464;495;4;4;0.221899998432491;0.001596403;0.0011;0.0017;139;1;1;1;139;432;0.0008;0.0044;464;495;0.0026
"Profiler.SerializeStats";0.0013;0.0011;0.0016;524;495;527;3;3;0.183299995725974;0.001318705;0.0012;0.0014;139;1;1;1;139;432;0.0011;0.0016;495;527;0.0014
"FixedUpdate.NewInputFixedUpdate";0.0013;0.001;0.004;532;439;570;3;3;0.17739999643527;0.001442276;0.0012;0.0015;159;1;1;7;123;434;0.0002;0.0032;570;486;0.0012
"EarlyUpdate.UpdatePreloading";0.0013;0.0009;0.0045;546;451;533;3;3;0.231499996851198;0.001665468;0.0012;0.0018;139;1;1;1;139;432;0.0009;0.0045;451;533;0.0027
"EarlyUpdate.Physics2DEarlyUpdate";0.0013;0.001;0.0023;563;464;512;3;3;0.197199998307042;0.001418705;0.0012;0.0016;139;1;1;1;139;432;0.001;0.0023;464;512;0.0011
"Director.SampleTime";0.0013;0.0009;0.0054;568;517;506;4;4;0.192599997972138;0.001385611;0.0012;0.0015;139;1;1;1;139;432;0.0009;0.0054;517;506;0.0011
"UnityEngine.CoreModule.dll!UnityEngine.Rendering::RenderPipelineManager.HandleRenderPipelineChange() [Invoke]";0.0013;0.0008;0.0027;441;478;570;3;3;0.181299996387679;0.001304317;0.0011;0.0015;279;2;2;3;139;432;0.0004;0.0013;437;472;0.0011
"FindObjectsOfType";0.0013;0.0009999999;0.04480001;501;532;570;6;9;0.228499983437359;0.001643885;0.0012;0.0014;699;5;5;9;139;432;0;0.0417;472;570;0.0013
"PostLateUpdate.RenderAs2DUpdate";0.0012;0.0008;0.0025;471;432;493;3;3;0.164399997564033;0.001182734;0.0011;0.0013;139;1;1;1;139;432;0.0008;0.0025;432;493;0.0012
"Physics2D.SyncRigidbodyTransformChanges";0.0012;0.0008;0.0137;485;565;461;6;6;0.500399989017751;0.0036;0.001;0.0066;298;2;1;8;139;432;0;0.0135;456;461;0.0009999999
"Physics.RunSimulationStage";0.0012;0.0008;0.0024;557;491;530;4;4;0.157299998507369;0.001278862;0.0011;0.0014;159;1;1;7;123;434;0.0001;0.0022;443;545;0.001
"Project.Internal.dll!::SingleSceneManager.FixedUpdate() [Invoke]";0.0012;0.0009;0.0025;569;563;570;5;5;0.159299995983019;0.001295122;0.0012;0.0014;159;1;1;7;123;434;0.0001;0.002;435;540;0.0012
"Project.Internal.dll!::SingleSceneManager.Update() [Invoke]";0.0011;0.0008;0.0015;455;500;436;5;5;0.14899999985937;0.001071942;0.001;0.0012;139;1;1;1;139;432;0.0008;0.0015;500;436;0.0009
"Project.Internal.dll!::SingleSceneManager.CustomYieldInstruction() [Coroutine: MoveNext] [Invoke]";0.0011;0.0009;0.002;461;450;432;5;5;0.0492999996058643;0.00117381;0.001;0.0012;42;1;1;1;42;432;0.0009;0.002;450;432;0
"LowLevelPhysics2D.PhysicsWorld.RenderWorlds";0.0011;0.0006;0.0629;485;551;443;7;7;0.225199997716118;0.001620144;0.0009;0.0013;140;1;1;2;139;432;0.0006;0.0629;551;443;0.001
"PostLateUpdate.AccessibilityLateUpdate";0.0011;0.0007;0.0066;504;449;557;3;3;0.176199998706579;0.001267626;0.0009;0.0014;139;1;1;1;139;432;0.0007;0.0066;449;557;0.0013
"SortingGroup.UpdateRenderer";0.0011;0.0006;0.0019;505;457;545;8;8;0.00359999970532954;0.0012;0.0006;0.0011;48;16;16;16;3;457;0;0.0007;457;545;0
"EarlyUpdate.ExecuteMainThreadJobs";0.0011;0.0008;0.0046;510;456;539;3;3;0.163099998608232;0.001173381;0.001;0.0012;139;1;1;1;139;432;0.0008;0.0046;456;539;0.0009
"UpdateRendererBoundingVolumes";0.0011;0;0.0189;532;504;540;5;6;0.605999977669853;0.004359712;0.0001;0.008099999;273;2;1;3;139;432;0;0.0186;435;540;0.0001
"RenderTexture.GarbageCollectTemporary";0.0011;0.0007;0.0022;544;463;446;3;6;0.164399997855071;0.001182734;0.0009999999;0.0013;278;2;2;2;139;432;0.0002;0.0019;451;446;0.0012
"UnityEngine.AccessibilityModule.dll!UnityEngine.Accessibility::AccessibilityManager.Internal_Update() [Invoke]";0.0011;0.0008;0.0017;546;485;570;4;4;0.159099998534657;0.001144604;0.001;0.0012;139;1;1;1;139;432;0.0008;0.0017;485;570;0.001
"Physics.Simulate";0.0011;0.0008;0.0024;557;491;530;5;5;0.147999998938758;0.001203252;0.001;0.0013;159;1;1;7;123;434;0.0001;0.0021;435;545;0.0009
"Profiler.CollectUIStats";0.0011;0.0009;0.0058;563;447;513;2;2;0.166099998983555;0.001194964;0.001;0.0013;139;1;1;1;139;432;0.0009;0.0058;447;513;0.0011
"TransformHandle.SetParent";0.0011;0.0008;0.0012;505;457;545;6;6;0.00309999968158081;0.001033333;0.0008;0.0011;24;8;8;8;3;457;0;0.0004;457;545;0
"RenderLoop.CleanupNodeQueue";0.0011;0.0006;0.0156;538;546;570;4;8;0.406099991989322;0.002921583;0.0008;0.0051;550;3;3;10;139;432;0;0.0083;446;570;0.0007
"FixedUpdate.AudioFixedUpdate";0.001;0.0006;0.0016;437;489;524;3;3;0.121599998150486;0.0009886179;0.0008;0.0011;159;1;1;7;123;434;0;0.0016;456;524;0.0008
"Physics2D.InterpolatePoses";0.001;0.0006;0.0224;490;558;470;4;4;0.292299997992814;0.002102878;0.0009;0.0013;139;1;1;1;139;432;0.0006;0.0224;558;470;0.0008
"UIElements.CollectLayoutNodes";0.001;0.0007;0.0017;491;437;481;5;5;0.142799999099225;0.001027338;0.0009;0.0011;139;1;1;1;139;432;0.0007;0.0017;437;481;0.0009
"UnityEngine.CoreModule.dll!UnityEngine.Rendering::SupportedRenderingFeatures.IsLightmapBakeTypeSupportedByRef() [Invoke]";0.001;0.0006;0.0027;528;550;512;9;9;0.169999998644926;0.001223022;0.0008;0.0016;140;1;1;2;139;432;0.0006;0.0027;550;512;0.0018
"TimeManager.Update";0.001;0.0007;0.0014;531;432;433;4;4;0.14180000073975;0.001020144;0.0009;0.0011;139;1;1;1;139;432;0.0007;0.0014;432;433;0.0011
"SpeedTreeWindManager.Update";0.001;0.0008;0.0014;537;432;454;4;4;0.145100000372622;0.001043885;0.001;0.0011;139;1;1;1;139;432;0.0008;0.0014;432;454;0.001
"PostLateUpdate.PhysicsSkinnedClothBeginUpdate";0.001;0.0007;0.0028;550;450;500;3;3;0.149999999732245;0.001079137;0.001;0.0012;139;1;1;1;139;432;0.0007;0.0028;450;500;0.0012
"PrepareSceneNodesJob";0.0009;0.0009;0.0009;445;445;445;12;12;0.000899999984540045;0.0009;0.0009;0.0009;1;1;1;1;1;445;0.0009;0.0009;445;445;0
"EarlyUpdate.RendererNotifyInvisible";0.0009;0.0007;0.0034;534;448;446;3;3;0.139499999233522;0.001003597;0.0009;0.0011;139;1;1;1;139;432;0.0007;0.0034;448;446;0.0009
"Inl_Setup Debug Properties";0.0009;0.0007;0.0045;547;449;460;8;8;0.134399999282323;0.0009669065;0.0008;0.001;140;1;1;2;139;432;0.0007;0.0045;449;460;0.001
"UpdatePreloading";0.0009;0.0007;0.0042;566;437;495;5;5;0.182299998879898;0.001311511;0.0008;0.0013;139;1;1;1;139;432;0.0007;0.0042;437;495;0.0023
"InputActionResolveConflict";0.0008;0.0008;0.0009999999;434;434;443;6;6;0.00179999991087243;0.0009;0.0008;0.0008;4;2;2;2;2;434;0.0001;0.0009;443;443;0
"UnityEngine.AIModule.dll!UnityEngine.AI::NavMesh.Internal_CallOnNavMeshPreUpdate() [Invoke]";0.0008;0.0005;0.0013;434;483;570;4;4;0.108399997639935;0.0007798561;0.0007;0.0008;139;1;1;1;139;432;0.0005;0.0013;483;570;0.0006
"updateScene.Invoke";0.0008;0.0005;0.0022;435;450;522;3;3;0.109999998181593;0.0007913669;0.0007;0.0009;139;1;1;1;139;432;0.0005;0.0022;450;522;0.0006
"AudioManager.FixedUpdate";0.0008;0.0004;0.0012;442;490;501;4;4;0.0932999979122542;0.0007585366;0.0007;0.0009;159;1;1;7;123;434;0;0.0012;435;501;0.0005
"Project.Internal.dll!::SingleSceneManager.CustomYieldInstruction() [Coroutine: get_Current] [Invoke]";0.0008;0.0004;0.001;453;432;440;5;5;0.0321999993466306;0.0007853658;0.0007;0.0009;41;1;1;1;41;432;0.0004;0.001;432;440;0
"WorldToLocalTransformAccessJob (Burst)";0.0008;0.0008;0.0008;465;465;465;9;9;0.0007999999797903;0.0008;0.0008;0.0008;1;1;1;1;1;465;0.0008;0.0008;465;465;0
"EarlyUpdate.ScriptRunDelayedStartupFrame";0.0008;0.0002;0.0017;492;553;512;3;3;0.111299998345203;0.0008007194;0.0006;0.001;139;1;1;1;139;432;0.0002;0.0017;553;512;0.0007
"UnityEngine.InputForUIModule.dll!UnityEngine.InputForUI::EventProvider.NotifyUpdate() [Invoke]";0.0008;0.0006;0.0012;513;448;434;4;4;0.112399997829925;0.000808633;0.0007;0.0009;139;1;1;1;139;432;0.0006;0.0012;448;434;0.0008
"Inl_RG_SetupPostFX";0.0008;0.0007;0.0037;552;437;545;8;8;0.121199997898657;0.0008719424;0.0008;0.0009;140;1;1;2;139;432;0.0007;0.0037;437;545;0.0008
"UnityEngine.CoreModule.dll!UnityEngine.Rendering::SupportedRenderingFeatures.IsUIOverlayRenderedBySRP() [Invoke]";0.0008;0.0006;0.0016;553;456;570;3;3;0.119799998181406;0.0008618705;0.0008;0.0009;140;1;1;2;139;432;0.0006;0.0012;456;434;0.0007
"ClothManager.LateUpdate";0.0008;0.0005;0.0026;570;451;500;4;4;0.124499998637475;0.0008956834;0.0008;0.001;139;1;1;1;139;432;0.0005;0.0026;451;500;0.001
"Physics2D.SynchronizeFixturesJob";0.0007;0.0002;0.0016;435;570;555;10;10;0.00519999982498121;0.0008666666;0.0006;0.0007;7;1;1;2;6;435;0;0.0016;570;555;0
"Project.Internal.dll!::ComponentPropagator.FixedUpdate() [Invoke]";0.0007;0.0002;0.0035;445;543;522;5;5;0.0931999960594112;0.0007577235;0.0006;0.0009;954;6;6;42;123;434;0;0.003;434;522;0.0008
"UnityEngine.AccessibilityModule.dll!UnityEngine.Accessibility::AccessibilityManager.Internal_LateUpdate() [Invoke]";0.0007;0.0003;0.006;459;544;557;4;4;0.105899998714449;0.0007618705;0.0005;0.0008;139;1;1;1;139;432;0.0003;0.006;544;557;0.0008
"Graphics.DrawProcedural";0.0007;0.0002;0.0013;467;501;450;10;11;0.0987999945791671;0.0007107913;0.0006;0.0009;2520;18;18;36;139;432;0;0.0004;432;443;0.0005
"PostLateUpdate.ProfilerEndFrame";0.0007;0.0003;0.0017;467;450;566;3;3;0.110899998573586;0.0007978417;0.0005;0.001;139;1;1;1;139;432;0.0003;0.0017;450;566;0.0006
"Inl_SetLightBlendTextures";0.0007;0.0006;0.0024;493;437;570;8;8;0.100799996755086;0.0007251799;0.0007;0.0007;140;1;1;2;139;432;0.0006;0.0017;437;468;0.0008
"Profiler.FrameMetadata";0.0007;0.0002;0.0155;498;570;511;5;6;0.213899993381347;0.001538849;0.0006;0.0008;709;5;1;7;139;432;0;0.0145;439;511;0.0008
"EarlyUpdate.UpdateContentLoading";0.0007;0.0004;0.001;499;463;558;3;3;0.0982999970728997;0.0007071942;0.0006;0.0008;139;1;1;1;139;432;0.0004;0.001;463;558;0.0005
"PreLateUpdate.ConstraintManagerUpdate";0.0007;0.0005;0.002;533;554;492;3;3;0.103599996946286;0.0007453237;0.0007;0.0008;139;1;1;1;139;432;0.0005;0.002;554;492;0.0006
"PxScene.simulate";0.0007;0.0004;0.0017;560;563;570;6;6;0.0955999974103179;0.0007772358;0.0006;0.0008;159;1;1;7;123;434;0.0001;0.0016;435;545;0.0006
"Inl_NRPRGComp_DetectMemorylessResources";0.0007;0.0007;0.0007;570;570;570;8;8;0.000699999975040555;0.0007;0.0007;0.0007;1;1;1;1;1;570;0.0007;0.0007;570;570;0
"Project.Internal.dll!::AutoSaver.FixedUpdate() [Invoke]";0.0006;0.0004;0.3968;502;551;505;5;5;1.25470000912901;0.01020081;0.0006;0.0007;159;1;1;7;123;434;0.0001;0.3968;435;505;0.0006
"Initialization.XREarlyUpdate";0.0006;0.0004;0.001;451;459;499;3;3;0.0815999993646983;0.0005870503;0.0005;0.0006;139;1;1;1;139;432;0.0004;0.001;459;499;0.0005
"LowLevelPhysics2D.PhysicsWorld.PostSimulate";0.0006;0.0003;0.0014;457;491;570;6;6;0.0720999997574836;0.0005861789;0.0005;0.0007;159;1;1;7;123;434;0.0001;0.0009;435;483;0.0004
"EarlyUpdate.ClearLines";0.0006;0.0004;0.0016;485;439;446;3;3;0.084299998532515;0.0006064748;0.0005;0.0007;139;1;1;1;139;432;0.0004;0.0016;439;446;0.0007
"PostLateUpdate.ScriptRunDelayedDynamicFrameRate";0.0006;0.0001;0.0017;485;432;452;3;3;0.0900999985242379;0.0006482014;0.0005;0.0007;139;1;1;1;139;432;0.0001;0.0017;432;452;0.0006
"LowLevelPhysics2D.DrawWorld.UpdateLifetimes";0.0006;0.0004;0.0009;504;432;453;4;4;0.0851999984879512;0.0006129496;0.0005;0.0007;139;1;1;1;139;432;0.0004;0.0009;432;453;0.0006
"PreUpdate.PhysicsUpdate";0.0006;0.0004;0.0021;509;445;438;3;3;0.0996999990020413;0.0007172662;0.0005;0.0007;139;1;1;1;139;432;0.0004;0.0021;445;438;0.0005
"FrameEvents.XRBeginFrame";0.0006;0.0003;0.0019;519;450;570;3;3;0.0899999985995237;0.000647482;0.0005;0.0008;140;1;1;2;139;432;0.0003;0.0013;450;538;0.0006
"JobDebuggerFrameMaintenance";0.0006;0.0004;0.002;535;460;570;4;4;0.0916999982728157;0.0006597122;0.0005;0.0007;139;1;1;1;139;432;0.0004;0.002;460;570;0.0006
"Update.DirectorUpdate";0.0006;0.0003;0.0018;547;437;487;3;3;0.0892999982752372;0.000642446;0.0005;0.0007;139;1;1;1;139;432;0.0003;0.0018;437;487;0.0005
"UIR.Free";0.0006;0.0004;0.0013;558;433;507;5;5;0.0926999986695591;0.0006669065;0.0005;0.0008;139;1;1;1;139;432;0.0004;0.0013;433;507;0.0006
"LowLevelPhysics2D.DrawWorld.CompileDrawResults";0.0006;0.0003;0.0022;560;544;570;8;8;0.0964999989955686;0.0006942446;0.0005;0.0008;140;1;1;2;139;432;0.0003;0.0015;544;512;0.0006
"Physics2D.SolveDiscreteIslandTraversalTask";0.0006;0.0003;0.0464;563;521;473;7;7;1.22769999824231;0.009981301;0.0004;0.018;159;1;1;7;123;434;0;0.0343;532;473;0.0004
"Application.Integrate Assets in Background";0.0006;0.0004;0.0041;566;460;495;6;6;0.139299998641945;0.001002158;0.0005;0.0009;139;1;1;1;139;432;0.0004;0.0041;460;495;0.0021
"Scripting.GetParentTypeDisallowingMultipleInclusion";0.0006;0.0006;0.0006;570;570;570;7;7;0.00059999997029081;0.0006;0.0006;0.0006;1;1;1;1;1;570;0.0006;0.0006;570;570;0
"GfxDeviceD3D12.WaitForLastPresentation";0.0005;0.0003;0.001;456;440;570;4;4;0.0654000003414694;0.0004705036;0.0004;0.0005;139;1;1;1;139;432;0.0003;0.001;440;570;0.0005
"PostLateUpdate.UpdateResolution";0.0005;0.0002;0.001;472;451;471;3;3;0.070499999288586;0.0005071943;0.0004;0.0006;139;1;1;1;139;432;0.0002;0.001;451;471;0.0005
"Renderers.OncePerFrameUpdate";0.0005;0.0003;0.0012;499;440;522;4;4;0.0749999989930075;0.0005395683;0.0004;0.0006;139;1;1;1;139;432;0.0003;0.0012;440;522;0.0004
"UnityEngine.UIModule.dll!UnityEngine::Canvas.SendPreWillRenderCanvases() [Invoke]";0.0005;0.0002;0.0007;500;437;454;6;6;0.0669000000780215;0.000481295;0.0004;0.0005;139;1;1;1;139;432;0.0002;0.0007;437;454;0.0005
"Inl_RenderPipeline.BeginContextRendering";0.0005;0.0003;0.0014;511;562;570;5;5;0.0722000014502555;0.0005194244;0.0005;0.0005;140;1;1;2;139;432;0.0003;0.0008;562;457;0.0005
"Physics2D.WriteTransforms";0.0005;0.0003;0.0044;524;480;456;5;5;0.189499998494284;0.00154065;0.0004;0.0034;159;1;1;7;123;434;0.0001;0.0042;485;545;0.0004
"Profiler.CollectVideoStats";0.0005;0.0002;0.0009;527;551;513;3;3;0.0722999989811797;0.0005201439;0.0004;0.0006;139;1;1;1;139;432;0.0002;0.0009;551;513;0.0005
"FixedUpdate.DirectorFixedUpdate";0.0005;0.0003;0.0034;531;454;491;3;3;0.0701999993179925;0.0005707317;0.0005;0.0006;159;1;1;7;123;434;0;0.0034;570;491;0.0004
"AudioProfiler.CaptureFrame";0.0005;0.0004;0.001;542;436;511;4;4;0.075499999744352;0.0005431655;0.0005;0.0006;139;1;1;1;139;432;0.0004;0.001;436;511;0.0005
"UnityEngine.CoreModule.dll!UnityEngine.Rendering::OnDemandRendering.GetRenderFrameInterval() [Invoke]";0.0005;0.0004;0.0009;556;432;482;3;3;0.075699999317294;0.0005446043;0.0005;0.0006;139;1;1;1;139;432;0.0004;0.0009;432;482;0.0005
"SpeedTreeWindManager.UpdateGlobalAndLocalWinds";0.0005;0.0003;0.0008;562;450;513;5;5;0.0763999994669575;0.0005496403;0.0005;0.0006;139;1;1;1;139;432;0.0003;0.0008;450;513;0.0004
"Physics2D.CollectProfileInfo";0.0005;0.0003;0.0015;569;433;539;4;4;0.0859999992826488;0.000618705;0.0005;0.0007;139;1;1;1;139;432;0.0003;0.0015;433;539;0.0005
"UnityEngine.Physics2DModule.dll!UnityEngine.LowLevelPhysics2D::PhysicsEvents.InvokePreSimulate() [Invoke]";0.0005;0.0004;0.0018;569;442;530;7;7;0.0717999996559229;0.0005837398;0.0005;0.0006;159;1;1;7;123;434;0;0.0016;570;530;0.0004
"PostLateUpdate.UpdateRectTransform";0.0005;0.0003;0.0011;570;450;444;3;3;0.0812999995250721;0.0005848921;0.0005;0.0006;139;1;1;1;139;432;0.0003;0.0011;450;444;0.0006
"Physics.Interpolation";0.0005;0.0003;0.0009;478;433;522;4;4;0.0671999980695546;0.0004834532;0.0004;0.0005;262;2;1;2;139;432;0;0.0008;435;522;0.0005
"ReflectionProbeAnchorManagerUpdate";0.0005;0.0003;0.0015;483;484;570;8;10;0.0717999981425237;0.0005165468;0.0004;0.0006;280;2;2;4;139;432;0;0.0008;534;535;0.0004
"Physics2D.SyncColliderTransformChanges";0.0005;0.0002;0.0109;531;433;463;6;6;0.373199989669956;0.002684892;0.0004;0.0061;298;2;1;8;139;432;0;0.0109;459;463;0.0005
"FinalizeUpdateRendererBoundingVolumes";0.0004;0.0001;0.0008;437;451;497;4;10;0.0510999977705069;0.0003676259;0.0003;0.0004;406;2;2;4;139;432;0;0.0004;432;497;0.0004
"Project.Internal.dll!::Spawner.Update() [Invoke]";0.0004;0.0001;0.0006;438;437;445;5;5;0.0499999988824129;0.0003597122;0.0003;0.0004;139;1;1;1;139;432;0.0001;0.0006;437;445;0.0003
"Initialization.SynchronizeInputs";0.0004;0.0002;0.0006;444;437;473;3;3;0.0515999988274416;0.000371223;0.0003;0.0004;139;1;1;1;139;432;0.0002;0.0006;437;473;0.0003
"Physics2D.InterpolatePoseSorting";0.0004;0.0002;0.001;446;464;441;5;5;0.0531999986851588;0.0003827338;0.0003;0.0004;139;1;1;1;139;432;0.0002;0.001;464;441;0.0003
"Physics2D.Collider2D.RecalculateContacts";0.0004;0.0004;0.0005;451;451;537;8;8;0.000899999955436215;0.00045;0.0004;0.0004;4;2;2;2;2;451;0.0001;0.0004;537;537;0
"Director.PrepareFrame";0.0004;0.0001;0.0024;468;437;488;4;4;0.0569999973959057;0.0004100719;0.0003;0.0005;1013;7;5;19;139;432;0;0.0019;432;488;0.0003
"PostLateUpdate.TriggerEndOfFrameCallbacks";0.0004;0.0003;0.0007;470;442;527;3;3;0.0531999989470933;0.0003827338;0.0003;0.0004;139;1;1;1;139;432;0.0003;0.0007;442;527;0.0005
"Physics2D.FindNewContactsTask";0.0004;0.0003;0.0136;498;434;437;6;7;0.141699998785043;0.001152033;0.0003;0.0006;171;1;1;7;123;434;0.0002;0.0133;435;437;0.0003
"PreUpdate.UpdateVideo";0.0004;0.0002;0.0007;499;438;531;3;3;0.0550999992265133;0.0003964029;0.0003;0.0004;139;1;1;1;139;432;0.0002;0.0007;438;531;0.0004
"PreUpdate.IMGUISendQueuedEvents";0.0004;0.0002;0.0052;509;555;443;3;3;0.0655999992013676;0.0004719424;0.0003;0.0005;139;1;1;1;139;432;0.0002;0.0052;555;443;0.0003
"Initialization.AsyncUploadTimeSlicedUpdate";0.0004;0.0002;0.0015;510;459;494;3;3;0.058699999077362;0.0004223021;0.0003;0.0005;139;1;1;1;139;432;0.0002;0.0015;459;494;0.0015
"PostLateUpdate.UpdateAllSkinnedMeshes";0.0004;0.0003;0.0011;520;432;466;3;3;0.059499999624677;0.0004280575;0.0004;0.0005;139;1;1;1;139;432;0.0003;0.0011;432;466;0.0004
"Project.Internal.dll!::SingleSceneManager.EnsureBlackscreenClearsAfterUnlockRoutine() [Coroutine: System.Collections.IEnumerator.get_Current] [Invoke]";0.0004;0.0002;0.0009;535;490;540;5;5;0.0473999990936136;0.0004836735;0.0004;0.0006;98;1;1;1;98;473;0.0002;0.0009;490;540;0.0004
"Physics2D.FindNewContactsFindJob";0.0004;0.0004;0.0023;537;537;456;9;9;0.00270000004093163;0.00135;0.0004;0.0004;2;1;1;1;2;456;0.0004;0.0023;537;456;0
"LowLevelPhysics2D.PhysicsWorld.Transform.WriteTweens";0.0004;0.0003;0.0018;549;439;466;4;4;0.0625999998010229;0.0004503597;0.0004;0.0005;139;1;1;1;139;432;0.0003;0.0018;439;466;0.0003
"PostLateUpdate.VFXUpdate";0.0004;0.0002;0.0007;551;460;445;3;3;0.0611999993416248;0.0004402878;0.0004;0.0005;139;1;1;1;139;432;0.0002;0.0007;460;445;0.0004
"Initialize Frame";0.0004;0.0004;0.0014;556;432;522;9;9;0.0635000004549511;0.0004568345;0.0004;0.0005;140;1;1;2;139;432;0.0004;0.0014;432;522;0.0005
"SetLightBlendTextures";0.0004;0.0003;0.0009;558;475;570;9;9;0.0633000002417248;0.0004553957;0.0004;0.0005;140;1;1;2;139;432;0.0003;0.0008;475;446;0.0004
"Scripting.GetRequiredComponents";0.0004;0.0004;0.0004;570;570;570;7;7;0.00039999998989515;0.0004;0.0004;0.0004;1;1;1;1;1;570;0.0004;0.0004;570;570;0
"EarlyUpdate.XRUpdate";0.0003;0.0001;0.0006;433;437;512;3;3;0.0379999989381758;0.0002733813;0.0002;0.0003;139;1;1;1;139;432;0.0001;0.0006;437;512;0.0001
"Profiler.CollectGIStats";0.0003;0.0001;0.0006;433;437;442;3;3;0.0357999987099902;0.0002575539;0.0002;0.0003;139;1;1;1;139;432;0.0001;0.0006;437;442;0.0003
"ConstraintManager::Update";0.0003;0.0001;0.0016;445;507;492;4;4;0.0382999985667993;0.0002755396;0.0002;0.0003;139;1;1;1;139;432;0.0001;0.0016;507;492;0.0002
"Profiler.FlushFileIOCounters";0.0003;0.0002;0.0005;449;450;452;2;2;0.0376999986183364;0.000271223;0.0002;0.0003;139;1;1;1;139;432;0.0002;0.0005;450;452;0.0004
"EarlyUpdate.UpdateTextureStreamingManager";0.0003;0.0002;0.0016;470;434;446;3;3;0.0393999984516995;0.0002834532;0.0002;0.0003;139;1;1;1;139;432;0.0002;0.0016;434;446;0.0002
"TerrainManager.CullAllTerrains";0.0003;0.0002;0.001;480;432;570;8;8;0.0413999988959404;0.0002978417;0.0002;0.0003;140;1;1;2;139;432;0.0002;0.0007;432;503;0.0002
"GeneralConnection.Poll";0.0003;0.0001;0.0006;487;459;435;5;5;0.0404999985548784;0.0002913669;0.0002;0.0003;139;1;1;1;139;432;0.0001;0.0006;459;435;0.0002
"PostLateUpdate.DirectorLateUpdate";0.0003;0.0001;0.0013;490;432;480;3;3;0.050999998988118;0.0003669065;0.0002;0.0004;139;1;1;1;139;432;0.0001;0.0013;432;480;0.0002
"Physics2D.SolveContinuousTraversalIslandTask";0.0003;0.0001;0.0008;494;459;570;7;7;0.0353999988074065;0.0002878049;0.0002;0.0003;159;1;1;7;123;434;0;0.0005;445;454;0.0003
"PostLateUpdate.GUIClearEvents";0.0003;0.0001;0.0006;500;437;434;3;3;0.04339999887452;0.0003122302;0.0002;0.0004;139;1;1;1;139;432;0.0001;0.0006;437;434;0.0002
"EarlyUpdate.UpdateAsyncInstantiate";0.0003;0.0002;0.0013;503;432;446;3;3;0.0426999985211296;0.0003071942;0.0002;0.0003;139;1;1;1;139;432;0.0002;0.0013;432;446;0.0002
"PostLateUpdate.ParticleSystemEndUpdateAll";0.0003;0.0002;0.0012;507;434;455;3;3;0.0464999987598276;0.0003345324;0.0003;0.0004;139;1;1;1;139;432;0.0002;0.0012;434;455;0.0003
"SetGlobalProperties";0.0003;0.0002;0.0007;508;437;570;9;9;0.044399998310837;0.0003194244;0.0003;0.0003;140;1;1;2;139;432;0.0002;0.0006;437;443;0.0003
"FixedUpdate.ScriptRunDelayedFixedFrameRate";0.0003;0.0001;0.0015;512;434;530;3;3;0.0428999982614187;0.0003487805;0.0003;0.0004;159;1;1;7;123;434;0;0.0012;546;530;0.0003
"Physics.CalculateChangedColliderTransforms";0.0003;0.0002;0.0007;512;448;570;6;6;0.0381999985256698;0.0003105691;0.0003;0.0003;159;1;1;7;123;434;0;0.0005;466;434;0.0003
"UI.RenderOverlays";0.0003;0.0002;0.0006;521;435;570;10;10;0.0451999983633868;0.0003251798;0.0003;0.0004;140;1;1;2;139;432;0.0002;0.0005;435;490;0.0003
"UnityEngine.Physics2DModule.dll!UnityEngine.LowLevelPhysics2D::PhysicsEvents.InvokePostSimulate() [Invoke]";0.0003;0.0002;0.0007;526;442;483;7;7;0.0411999983625719;0.0003349593;0.0003;0.0004;159;1;1;7;123;434;0;0.0007;443;483;0.0003
"LOD.ComputeLOD";0.0003;0.0001;0.0021;531;507;570;9;10;0.0479999986055191;0.0003453237;0.0002;0.0004;280;2;2;4;139;432;0;0.0013;432;570;0.0002
"PostLateUpdate.UpdateVideo";0.0003;0.0001;0.0006;531;451;455;3;3;0.0479999991875957;0.0003453237;0.0003;0.0004;139;1;1;1;139;432;0.0001;0.0006;451;455;0.0006
"PostLateUpdate.UpdateVideoTextures";0.0003;0.0002;0.0014;531;432;511;3;3;0.0461999984108843;0.0003323741;0.0003;0.0004;139;1;1;1;139;432;0.0002;0.0014;432;511;0.0004
"webRequestStop.Invoke";0.0003;0.0003;0.0003;539;539;539;4;4;0.000299999985145405;0.0003;0.0003;0.0003;1;1;1;1;1;539;0.0003;0.0003;539;539;0
"Inl_ScriptableRenderer.AddRenderPasses";0.0003;0.0002;0.0019;542;455;474;7;7;0.0496999986498849;0.0003575539;0.0003;0.0004;140;1;1;2;139;432;0.0002;0.0019;455;474;0.0004
"UnityEngine.UIModule.dll!UnityEngine::Canvas.SendWillRenderCanvases() [Invoke]";0.0003;0.0002;0.0007;542;432;535;6;6;0.0469999989290955;0.0003381295;0.0003;0.0004;139;1;1;1;139;432;0.0002;0.0007;432;535;0.0003
"EarlyUpdate.UnityWebRequestUpdate";0.0003;0.0002;0.0007;544;432;513;3;3;0.0471999987057643;0.0003395683;0.0003;0.0004;139;1;1;1;139;432;0.0002;0.0007;432;513;0.0003
"EarlyUpdate.DispatchEventQueueEvents";0.0003;0.0002;0.0006;545;432;491;3;3;0.0480999985447852;0.0003460431;0.0003;0.0004;139;1;1;1;139;432;0.0002;0.0006;432;491;0.0003
"Project.Internal.dll!::SingleSceneManager.LateUpdate() [Invoke]";0.0003;0.0002;0.0006;545;437;434;5;5;0.0473999986425042;0.0003410072;0.0003;0.0004;139;1;1;1;139;432;0.0002;0.0006;437;434;0.0002
"GarbageCollector.CollectIncremental";0.0003;0.0002;0.0006;547;504;539;4;4;0.0481999985058792;0.0003467626;0.0003;0.0004;139;1;1;1;139;432;0.0002;0.0006;504;539;0.0004
"UGUI.Rendering.EmitWorldScreenspaceCameraGeometry";0.0003;0.0002;0.0015;551;433;502;3;4;0.0530999978946056;0.0003820144;0.0003;0.0004;279;2;2;3;139;432;0.0001;0.0014;432;502;0.0003
"PostLateUpdate.ShaderHandleErrors";0.0003;0.0001;0.0006;568;450;536;3;3;0.0476999986276496;0.0003431654;0.0003;0.0004;139;1;1;1;139;432;0.0001;0.0006;450;536;0.0003
"Physics2D.CompileContactCallbacks";0.0002;0;0.0004;443;462;434;5;6;0.0206999993970385;0.0001629921;0.0001;0.0002;175;1;1;7;127;434;0;0.0003;435;434;0.0001
"FrameEvents.XREndFrame";0.0002;0;0.0004;444;549;570;4;4;0.0219999993933016;0.0001582734;0.0001;0.0002;140;1;1;2;139;432;0;0.0003;549;445;0.0002
"Physics2D.SolvePositionConstraintsJob";0.0002;0;0.0003;445;455;466;10;10;0.00849999974161619;0.0001666667;0.0001;0.0002;64;1;1;3;51;435;0;0.0003;435;466;0
"Physics2D.SolveVelocityConstraintsJob";0.0002;0.0001;0.0004;451;455;450;10;10;0.00659999980416615;0.0001833333;0.0001;0.0002;42;1;1;2;36;435;0;0.0004;446;450;0
"Director.ProcessFrame";0.0002;0;0.0007;452;454;570;4;4;0.0263999990711454;0.000189928;0.0001;0.0003;1013;7;5;19;139;432;0;0.0003;432;545;0.0002
"Update Lights";0.0002;0.0001;0.0013;466;433;509;4;4;0.0249999993320671;0.0001798561;0.0001;0.0002;139;1;1;1;139;432;0.0001;0.0013;433;509;0.0001
"PostLateUpdate.BatchModeUpdate";0.0002;0;0.0005;467;438;523;3;3;0.0237999993551057;0.000171223;0.0001;0.0002;139;1;1;1;139;432;0;0.0005;438;523;0.0002
"Physics2D.OverlapPoint";0.0002;0.0001;0.0004;469;433;505;6;6;0.0248999993054895;0.0001791367;0.0001;0.0002;139;1;1;1;139;432;0.0001;0.0004;433;505;0.0002
"LowLevelPhysics2D.PhysicsWorld.WriteTransformTweens";0.0002;0.0001;0.0003;470;435;452;5;5;0.0246999993105419;0.0001776978;0.0001;0.0002;139;1;1;1;139;432;0.0001;0.0003;435;452;0.0001
"Flush DSP connections";0.0002;0.0001;0.0004;472;432;440;7;7;0.0245999992839643;0.0001769784;0.0001;0.0002;139;1;1;1;139;432;0.0001;0.0004;432;440;0.0002
"SoundManager.Update";0.0002;0;0.0004;474;479;473;4;4;0.0257999992245459;0.0001856115;0.0001;0.0002;139;1;1;1;139;432;0;0.0004;479;473;0.0002
"PreLateUpdate.LegacyAnimationUpdate";0.0002;0.0001;0.0005;476;432;539;3;3;0.0276999991692719;0.0001992806;0.0001;0.0003;139;1;1;1;139;432;0.0001;0.0005;432;539;0.0001
"EarlyUpdate.UpdateAsyncReadbackManager";0.0002;0.0001;0.0005;486;433;537;3;3;0.0263999992967001;0.000189928;0.0001;0.0002;139;1;1;1;139;432;0.0001;0.0005;433;537;0.0001
"SceneNodesInitJob";0.0002;0.0001;0.0079;486;453;548;12;12;0.0145999994201702;0.0004171428;0.0001;0.0002;35;1;1;1;35;432;0.0001;0.0079;453;548;0
"EarlyUpdate.UpdateStreamingManager";0.0002;0.0001;0.0005;487;432;550;3;3;0.0271999992473866;0.0001956834;0.0002;0.0002;139;1;1;1;139;432;0.0001;0.0005;432;550;0.0001
"FixedUpdate.PhysicsClothFixedUpdate";0.0002;0.0001;0.0006;489;435;530;3;3;0.0245999992621364;0.0002;0.0001;0.0002;159;1;1;7;123;434;0;0.0005;435;530;0.0002
"ClothScene.Update";0.0002;0.0001;0.0004;490;432;433;5;5;0.0263999991584569;0.000189928;0.0001;0.0002;139;1;1;1;139;432;0.0001;0.0004;432;433;0.0002
"PostLateUpdate.XRPostLateUpdate";0.0002;0;0.0004;495;478;471;3;3;0.0265999991461285;0.0001913669;0.0001;0.0002;139;1;1;1;139;432;0;0.0004;478;471;0.0001
"EarlyUpdate.TilemapRendererEarlyUpdate";0.0002;0.0001;0.0004;496;433;448;3;3;0.0275999992081779;0.0001985611;0.0002;0.0002;139;1;1;1;139;432;0.0001;0.0004;433;448;0.0002
"RenderTarget.SetActive";0.0002;0;0.0009999999;498;432;570;8;11;0.0291999988694442;0.0002100719;0.0001;0.0003;2267;16;16;50;139;432;0;0.0001;432;433;0.0003
"EarlyUpdate.ClearIntermediateRenderers";0.0002;0;0.0007;503;500;512;3;3;0.0300999992177822;0.0002165468;0.0001;0.0003;139;1;1;1;139;432;0;0.0007;500;512;0.0002
"GlobalEventQueue";0.0002;0.0001;0.0004;503;432;448;4;4;0.0286999990494223;0.0002064748;0.0002;0.0002;139;1;1;1;139;432;0.0001;0.0004;432;448;0.0001
"CullSceneDynamicObjectsCombineJob";0.0002;0.0001;0.0005;505;432;526;10;10;0.0105999996667379;0.000212;0.0001;0.0003;50;1;1;1;50;432;0.0001;0.0005;432;526;0.0001
"Inl_Sort Render Passes";0.0002;0.0001;0.0005;505;434;570;8;8;0.0286999991294579;0.0002064748;0.0002;0.0002;140;1;1;2;139;432;0.0001;0.0003;434;439;0.0002
"FixedUpdate.LegacyFixedAnimationUpdate";0.0002;0.0001;0.0005;506;442;530;3;3;0.0262999992191908;0.0002138211;0.0002;0.0002;159;1;1;7;123;434;0;0.0004;435;435;0.0002
"RenderTarget.GrabPixels";0.0002;0.0002;0.0003;510;435;465;6;6;0.00219999992987141;0.00022;0.0002;0.0002;10;1;1;1;10;435;0.0002;0.0003;435;465;0
"EarlyUpdate.SpriteAtlasManagerUpdate";0.0002;0.0001;0.0004;511;432;443;3;3;0.0295999991358258;0.0002129496;0.0002;0.0002;139;1;1;1;139;432;0.0001;0.0004;432;443;0.0002
"ReflectionProbeAnchorPositionUpdate";0.0002;0;0.0007;511;506;570;9;11;0.0287999990105163;0.0002071942;0.0001;0.0003;280;2;2;4;139;432;0;0.0004;435;455;0.0002
"CullResultsToNativeArrays";0.0002;0.0001;0.0006;514;432;570;8;8;0.0330999991274439;0.0002381295;0.0002;0.0003;140;1;1;2;139;432;0.0001;0.0005;432;446;0.0004
"Camera.Render";0.0002;0.0001;0.0013;515;447;438;3;3;0.0312999990856042;0.0002251798;0.0002;0.0002;140;1;1;2;139;432;0.0001;0.0013;447;438;0.0002
"suspendPointHook.Invoke";0.0002;0.0001;0.0016;516;439;446;7;7;0.0314999990005163;0.0002266187;0.0002;0.0002;139;1;1;1;139;432;0.0001;0.0016;439;446;0.0002
"Inl_UniversalRenderPipeline.GetMainLightIndex";0.0002;0.0001;0.0006;519;452;435;9;9;0.0375999993630103;0.0002705036;0.0002;0.0004;140;1;1;2;139;432;0.0001;0.0006;452;435;0.0004
"PreLateUpdate.DirectorDeferredEvaluate";0.0002;0.0001;0.0005;519;471;460;3;3;0.0306999990862096;0.0002208633;0.0002;0.0002;139;1;1;1;139;432;0.0001;0.0005;471;460;0.0003
"RayTracingAccelerationStructureManager.Update";0.0002;0.0001;0.0005;521;439;501;4;4;0.0306999990498298;0.0002208633;0.0002;0.0003;139;1;1;1;139;432;0.0001;0.0005;439;501;0.0002
"AssetDatabase.GetPathFromAssetGuidV2";0.0002;0;0.605701;523;437;444;6;9;5.39191553058481;0.04084785;0.0001;0.0083;14842;6;4;1607;132;434;0;0.0064;434;536;0.0002
"UIEvents.CanvasManagerEmitOffScreenGeometry";0.0002;0.0001;0.0006;526;432;466;3;3;0.0330999990183045;0.0002381295;0.0002;0.0003;139;1;1;1;139;432;0.0001;0.0006;432;466;0.0002
"Physics2D.StoreBodyMoveStates";0.0002;0.0001;0.0004;529;450;455;6;6;0.026599999066093;0.0002162602;0.0002;0.0003;159;1;1;7;123;434;0;0.0004;435;498;0.0001
"CleanUp.TextRenderingGarbageCollect";0.0002;0.0001;0.0006;530;457;522;6;6;0.033799999000621;0.0002431655;0.0002;0.0003;139;1;1;1;139;432;0.0001;0.0006;457;522;0.0001
"EarlyUpdate.PerformanceAnalyticsUpdate";0.0002;0.0001;0.0005;531;483;505;3;3;0.0338999989253352;0.0002438849;0.0002;0.0003;139;1;1;1;139;432;0.0001;0.0005;483;505;0.0002
"PreLateUpdate.AIUpdatePostScript";0.0002;0.0001;0.0019;531;436;472;3;3;0.0351999989434262;0.0002532374;0.0002;0.0003;139;1;1;1;139;432;0.0001;0.0019;436;472;0.0002
"Inl_UniversalRenderPipeline.GetPerObjectLightFlags";0.0002;0.0002;0.0005;535;432;570;8;8;0.0324999988370109;0.0002338129;0.0002;0.0003;140;1;1;2;139;432;0.0002;0.0003;432;433;0.0002
"Inl_RenderPipeline.BeginCameraRendering";0.0002;0.0002;0.0004;537;432;457;6;6;0.0327999988658121;0.0002359712;0.0002;0.0003;140;1;1;2;139;432;0.0002;0.0004;432;457;0.0002
"Inl_ScriptableRenderer.InternalFinishRenderingCommon";0.0002;0.0002;0.0005;537;433;432;7;7;0.0335999988456024;0.0002417266;0.0002;0.0003;140;1;1;2;139;432;0.0002;0.0005;433;432;0.0003
"Inl_RenderPipeline.EndContextRendering";0.0002;0.0001;0.0005;539;552;463;5;5;0.0329999988825875;0.0002374101;0.0002;0.0003;140;1;1;2;139;432;0.0001;0.0005;552;463;0.0002
"Initialization.UpdateCameraMotionVectors";0.0002;0.0001;0.0004;542;478;433;3;3;0.0334999987899209;0.0002410072;0.0002;0.0003;139;1;1;1;139;432;0.0001;0.0004;478;433;0.0002
"PostLateUpdate.InputEndFrame";0.0002;0.0001;0.0005;549;436;458;3;3;0.0344999989465578;0.0002482014;0.0002;0.0003;139;1;1;1;139;432;0.0001;0.0005;436;458;0.0003
"TextRendering.CollectGarbage";0.0002;0;0.0005;550;449;447;4;4;0.0331999990157783;0.0002388489;0.0002;0.0003;139;1;1;1;139;432;0;0.0005;449;447;0
"EarlyUpdate.UpdateInputManager";0.0002;0.0001;0.0008;558;489;570;3;3;0.0360999987678952;0.0002597122;0.0002;0.0003;139;1;1;1;139;432;0.0001;0.0008;489;570;0.0002
"ParticleSystem.EndUpdateAll";0.0002;0.0001;0.0009999999;560;480;455;4;5;0.0369999987160554;0.000266187;0.0002;0.0003;417;3;3;3;139;432;0;0.0009;432;455;0.0002
"Unity.ResourceManager.dll!UnityEngine.ResourceManagement.Util::DelayedActionManager.Awake() [Invoke]";0.0002;0.0002;0.0002;570;570;570;7;7;0.000199999994947575;0.0002;0.0002;0.0002;1;1;1;1;1;570;0.0002;0.0002;570;570;0
"ClothManager.UploadSimulatedSkinData";0.0001;0;0.0001;433;432;433;4;4;0.00699999982316513;5.035971E-05;0;0.0001;139;1;1;1;139;432;0;0.0001;432;433;0.0001
"Physics2D.FindNewContactsCreate";0.0001;0;0.0001;437;442;435;7;7;0.0007999999797903;6.666667E-05;0;0.0001;12;1;1;1;12;435;0;0.0001;442;435;0
"Semaphore.WaitForSignal";0.0001;0;0.0002;440;432;445;3;3;0.00809999979537679;5.827338E-05;0;0.0001;139;1;1;1;139;432;0;0.0002;432;445;0.0001
"Physics2D.FlagContactsForRecreation";0.0001;0;0.0002;444;438;434;7;7;0.00169999995705439;0.0001214286;0.0001;0.0002;19;1;1;2;14;434;0;0.0002;435;434;0
"Physics2D.InitializeVelocityJointConstraintsJob";0.0001;0;0.0001;446;437;446;10;10;0.000899999977264088;5.625E-05;0;0.0001;20;1;1;2;16;437;0;0.0001;437;446;0
"ScheduleCullingGroups";0.0001;0;0.0004;456;435;570;8;8;0.00899999977264088;6.47482E-05;0;0.0001;140;1;1;2;139;432;0;0.0002;435;434;0
"TextureStreamingManager.RemoveTexture";0.0001;0;0.0011;465;455;444;9;9;0.00409999998373678;0.0001708333;0;0.0002;137;5;1;16;24;442;0;0.001;442;442;0
"Physics2D.SolveDiscreteIslandWritePosesJob";0.0001;0;0.0003;468;442;456;10;10;0.00429999988409691;8.431372E-05;0;0.0001;65;1;1;3;51;435;0;0.0002;442;473;0
"EarlyUpdate.ResetFrameStatsAfterPresent";0.0001;0;0.0003;471;438;498;3;3;0.0116999996898812;8.417266E-05;0;0.0001;139;1;1;1;139;432;0;0.0003;438;498;0.0001
"FixedUpdate.DirectorFixedSampleTime";0.0001;0;0.0003;471;442;530;3;3;0.00909999976283871;7.398374E-05;0;0.0001;159;1;1;7;123;434;0;0.0002;435;435;0.0002
"RG_SetupPostFX";0.0001;0;0.0002;478;435;570;9;9;0.00989999974990496;7.122302E-05;0;0.0001;140;1;1;2;139;432;0;0.0001;435;432;0.0001
"EditorConnection.RefreshObservablePlayerList";0.0001;0;0.0003;483;442;539;5;5;0.0121999996699742;8.776978E-05;0;0.0001;139;1;1;1;139;432;0;0.0003;442;539;0.0001
"Physics.CalculateChangedBodyTransforms";0.0001;0;0.0005;486;437;570;6;6;0.010399999715446;8.455284E-05;0;0.0001;159;1;1;7;123;434;0;0.0001;435;434;0
"PostLateUpdate.PhysicsSkinnedClothFinishUpdate";0.0001;0;0.0001;488;462;432;3;3;0.0122999996892759;8.848921E-05;0.0001;0.0001;139;1;1;1;139;432;0;0.0001;462;432;0.0001
"EarlyUpdate.GpuTimestamp";0.0001;0;0.0005;490;433;548;3;3;0.0124999997206032;8.992806E-05;0.0001;0.0001;139;1;1;1;139;432;0;0.0005;433;548;0
"ParticleSystem.WaitForPreviousRenderingToFinish";0.0001;0;0.0012;493;432;553;5;5;0.0131999996228842;9.496402E-05;0;0.0001;139;1;1;1;139;432;0;0.0012;432;553;0.0002
"Physics2D.RestoreBodyMoveStates";0.0001;0;0.0005;493;434;570;6;6;0.0107999996980652;8.780487E-05;0;0.0001;159;1;1;7;123;434;0;0.0002;434;530;0.0001
"PreLateUpdate.PhysicsLateUpdate";0.0001;0;0.0003;493;433;497;3;3;0.0137999996368308;9.928057E-05;0.0001;0.0001;139;1;1;1;139;432;0;0.0003;433;497;0.0001
"EarlyUpdate.UpdateMainGameViewRect";0.0001;0;0.0003;494;432;570;3;3;0.0128999996668426;9.280576E-05;0.0001;0.0001;139;1;1;1;139;432;0;0.0003;432;570;0.0001
"SkinnedMeshOncePerFrameUpdate";0.0001;0;0.0004;495;432;534;5;5;0.0146999995777151;0.0001057554;0;0.0001;139;1;1;1;139;432;0;0.0004;432;534;0.0001
"PostLateUpdate.EndGraphicsJobsAfterScriptLateUpdate";0.0001;0;0.0002;499;435;442;3;3;0.0136999996539089;9.856115E-05;0.0001;0.0001;139;1;1;1;139;432;0;0.0002;435;442;0.0001
"PreLateUpdate.DirectorUpdateAnimationEnd";0.0001;0;0.0016;499;442;557;3;3;0.0163999996366329;0.0001179856;0.0001;0.0001;139;1;1;1;139;432;0;0.0016;442;557;0.0001
"EarlyUpdate.UpdateCanvasRectTransform";0.0001;0;0.0006;502;440;446;3;3;0.0152999995843857;0.0001100719;0.0001;0.0001;139;1;1;1;139;432;0;0.0006;440;446;0.0001
"FixedUpdate.ClearLines";0.0001;0;0.0004;503;443;530;3;3;0.0124999996842234;0.000101626;0.0001;0.0001;159;1;1;7;123;434;0;0.0004;443;530;0
"Physics2D.SynchronizeFixturesMove";0.0001;0;0.0003;505;435;535;8;8;0.0109999997148407;8.943089E-05;0;0.0001;159;1;1;7;123;434;0;0.0002;435;446;0
"PreLateUpdate.DirectorUpdateAnimationBegin";0.0001;0.0001;0.0019;508;432;488;3;3;0.0183999996661441;0.0001323741;0.0001;0.0001;139;1;1;1;139;432;0.0001;0.0019;432;488;0.0001
"Physics2D.ContactsCollideTask";0.0001;0;0.0003;510;457;455;6;6;0.0133999996396597;0.0001089431;0.0001;0.0001;159;1;1;7;123;434;0;0.0003;435;455;0.0001
"Initialization.SynchronizeState";0.0001;0;0.0003;511;432;478;3;3;0.016499999568623;0.000118705;0.0001;0.0001;139;1;1;1;139;432;0;0.0003;432;478;0.0001
"Physics2D.FindMinimumContinuousContactFinalize";0.0001;0;0.0003;512;435;502;9;9;0.0130999996545142;0.0001065041;0.0001;0.0001;159;1;1;7;123;434;0;0.0003;435;502;0.0001
"NavMeshManager";0.0001;0;0.0003;519;437;439;4;4;0.0163999995565973;0.0001179856;0.0001;0.0002;139;1;1;1;139;432;0;0.0003;437;439;0.0001
"UIEvents.UpdateCanvasRectTransform";0.0001;0;0.0004;523;439;444;4;4;0.0204999992929515;0.000147482;0.0001;0.0002;139;1;1;1;139;432;0;0.0004;439;444;0
"PostLateUpdate.XRPreEndFrame";0.0001;0;0.0003;531;462;497;3;3;0.0177999995430582;0.0001280576;0.0001;0.0002;139;1;1;1;139;432;0;0.0003;462;497;0.0001
"FixedUpdate.XRFixedUpdate";0.0001;0;0.0003;535;459;530;3;3;0.0168999995512422;0.0001373984;0.0001;0.0002;159;1;1;7;123;434;0;0.0003;443;537;0.0001
"Physics2D.SolveDiscreteIslandVelocitiesJob";0.0001;0.0001;0.0001;536;536;536;10;10;0.000199999994947575;0.0001;0.0001;0.0001;2;1;1;1;2;536;0.0001;0.0001;536;536;0
"QueuePrepareIntegrateMainThreadObjects";0.0001;0;0.001;536;452;445;10;10;0.0211999996099621;0.000152518;0.0001;0.0002;140;1;1;2;139;432;0;0.001;452;445;0.0002
"Preload Single Step";0.0001;0;0.0037;540;439;495;7;7;0.0678999999217922;0.0004884892;0.0001;0.0004;139;1;1;1;139;432;0;0.0037;439;495;0.0016
"Physics2D.SolveDiscreteIslandIntegratePosesJob";0.0001;0;0.0004;548;538;445;10;10;0.00719999977445696;0.0001565217;0.0001;0.0002;55;1;1;2;46;435;0;0.0003;443;443;0
"ContentLoadFrontend.IntegrateUpdate";0.0001;0.0001;0.0004;553;432;518;4;4;0.0210999994160375;0.0001517986;0.0001;0.0002;139;1;1;1;139;432;0.0001;0.0004;432;518;0.0001
"FixedUpdate.DirectorFixedUpdatePostPhysics";0.0001;0;0.0007;555;565;570;3;3;0.0195999994757585;0.0001593496;0.0001;0.0002;159;1;1;7;123;434;0;0.0005;473;530;0.0001
"Application.FlushRenderStats";0.0001;0;0.0004;560;517;520;2;2;0.0209999994331156;0.0001510791;0.0001;0.0002;139;1;1;1;139;432;0;0.0004;517;520;0.0002
"Physics2D.InterpolatePoseWriting";0.0001;0;0.004;560;433;452;5;5;0.0617999994574348;0.0004446043;0;0.0003;139;1;1;1;139;432;0;0.004;433;452;0.0001
"Physics2D.FindMinimumContinuousContactTask";0.0001;0.0001;0.0005;561;444;502;8;8;0.0191999994349317;0.0001560976;0.0001;0.0002;159;1;1;7;123;434;0;0.0004;445;502;0.0001
"PostLateUpdate.DirectorRenderImage";0.0001;0.0001;0.0014;562;434;467;3;3;0.0221999993955251;0.0001597122;0.0001;0.0002;139;1;1;1;139;432;0.0001;0.0014;434;467;0.0003
"Physics2D.SolveDiscreteIslandPostSolveJob";0.0001;0;0.0014;566;434;473;8;8;0.0413999992815661;0.0003365854;0;0.0006;159;1;1;7;123;434;0;0.0009;434;537;0
"Physics2D.ClearContinuousBodyIslandFlagsJob";0.0001;0.0001;0.0001;570;570;570;10;10;9.99999974737875E-05;0.0001;0.0001;0.0001;1;1;1;1;1;570;0.0001;0.0001;570;570;0
"Physics2D.FlagContactsForExit";0;0;0.0001;440;434;436;6;6;0.000199999994947575;1.666667E-05;0;0;16;1;1;2;12;434;0;0.0001;434;436;0
"Physics2D.PrepareDiscreteIslandBodyIndexJob";0;0;0.0001;479;445;444;10;10;0.000199999994947575;1.818182E-05;0;0;11;1;1;1;11;444;0;0.0001;445;444;0
"GfxResource.Register";0;0;0;500;442;442;8;9;0;0;0;0;196;5;1;59;25;442;0;0;442;442;0
"Object.Register";0;0;0;500;442;442;6;9;0;0;0;0;13859;505;22;1616;25;442;0;0;442;442;0
"Active Constraints";0;0;0;501;432;432;3;5;0;0;0;0;262;2;1;2;139;432;0;0;432;432;0
"Active Dynamic Bodies";0;0;0;501;432;432;3;5;0;0;0;0;262;2;1;2;139;432;0;0;432;432;0
"Active Kinematic Bodies";0;0;0;501;432;432;3;5;0;0;0;0;262;2;1;2;139;432;0;0;432;432;0
"Added Contacts";0;0;0;501;432;432;3;3;0;0;0;0;139;1;1;1;139;432;0;0;432;432;0
"AnimationClip Count";0;0;0;501;432;432;3;3;0;0;0;0;139;1;1;1;139;432;0;0;432;432;0
"AnimationClip Memory";0;0;0;501;432;432;3;3;0;0;0;0;139;1;1;1;139;432;0;0;432;432;0
"App Committed Memory";0;0;0;501;432;432;3;3;0;0;0;0;139;1;1;1;139;432;0;0;432;432;0
"App Resident Memory";0;0;0;501;432;432;3;3;0;0;0;0;139;1;1;1;139;432;0;0;432;432;0
"Articulation Bodies";0;0;0;501;432;432;3;5;0;0;0;0;262;2;1;2;139;432;0;0;432;432;0
"Asleep Bodies";0;0;0;501;432;432;3;3;0;0;0;0;139;1;1;1;139;432;0;0;432;432;0
"Asleep Shapes";0;0;0;501;432;432;3;3;0;0;0;0;139;1;1;1;139;432;0;0;432;432;0
"Asset Bundles";0;0;0;501;432;432;3;3;0;0;0;0;139;1;1;1;139;432;0;0;432;432;0
"Asset Count";0;0;0;501;432;432;3;3;0;0;0;0;139;1;1;1;139;432;0;0;432;432;0
"Assets";0;0;0;501;432;432;3;3;0;0;0;0;139;1;1;1;139;432;0;0;432;432;0
"Atlases";0;0;0;501;432;432;3;3;0;0;0;0;139;1;1;1;139;432;0;0;432;432;0
"Audio Reads";0;0;0;501;432;432;3;3;0;0;0;0;139;1;1;1;139;432;0;0;432;432;0
"Audio Reserved Memory";0;0;0;501;432;432;3;3;0;0;0;0;139;1;1;1;139;432;0;0;432;432;0
"Audio Used Memory";0;0;0;501;432;432;3;3;0;0;0;0;139;1;1;1;139;432;0;0;432;432;0
"AudioClip Count";0;0;0;501;432;432;3;3;0;0;0;0;139;1;1;1;139;432;0;0;432;432;0
"AudioClip Memory";0;0;0;501;432;432;3;3;0;0;0;0;139;1;1;1;139;432;0;0;432;432;0
"Awake Bodies";0;0;0;501;432;432;3;3;0;0;0;0;139;1;1;1;139;432;0;0;432;432;0
"Awake Shapes";0;0;0;501;432;432;3;3;0;0;0;0;139;1;1;1;139;432;0;0;432;432;0
"BeginJob";0;0;0;501;432;432;5;12;0;0;0;0;1277;9;1;34;133;432;0;0;432;432;0
"Broadphase Adds";0;0;0;501;432;432;3;5;0;0;0;0;262;2;1;2;139;432;0;0;432;432;0
"Broadphase Adds/Removes";0;0;0;501;432;432;3;5;0;0;0;0;262;2;1;2;139;432;0;0;432;432;0
"Broadphase Pairs";0;0;0;501;432;432;3;3;0;0;0;0;139;1;1;1;139;432;0;0;432;432;0
"Broadphase Removes";0;0;0;501;432;432;3;5;0;0;0;0;262;2;1;2;139;432;0;0;432;432;0
"Broadphase Updates";0;0;0;501;432;432;3;3;0;0;0;0;139;1;1;1;139;432;0;0;432;432;0
"Catalogs";0;0;0;501;432;432;3;3;0;0;0;0;139;1;1;1;139;432;0;0;432;432;0
"Colliders Synced";0;0;0;501;432;432;3;5;0;0;0;0;262;2;1;2;139;432;0;0;432;432;0
"Collision Enter";0;0;0;501;432;432;3;3;0;0;0;0;139;1;1;1;139;432;0;0;432;432;0
"Collision Exit";0;0;0;501;432;432;3;3;0;0;0;0;139;1;1;1;139;432;0;0;432;432;0
"Collision Stay";0;0;0;501;432;432;3;3;0;0;0;0;139;1;1;1;139;432;0;0;432;432;0
"Continuous Bodies";0;0;0;501;432;432;3;3;0;0;0;0;139;1;1;1;139;432;0;0;432;432;0
"Continuous Overlaps";0;0;0;501;432;432;3;5;0;0;0;0;262;2;1;2;139;432;0;0;432;432;0
"CPU Main Thread Frame Time";0;0;0;501;432;432;3;3;0;0;0;0;139;1;1;1;139;432;0;0;432;432;0
"CPU Render Thread Frame Time";0;0;0;501;432;432;3;3;0;0;0;0;139;1;1;1;139;432;0;0;432;432;0
"CPU Total Frame Time";0;0;0;501;432;432;3;3;0;0;0;0;139;1;1;1;139;432;0;0;432;432;0
"Discreet Overlaps";0;0;0;501;432;432;3;5;0;0;0;0;262;2;1;2;139;432;0;0;432;432;0
"Discrete Bodies";0;0;0;501;432;432;3;3;0;0;0;0;139;1;1;1;139;432;0;0;432;432;0
"Dynamic Bodies";0;0;0;501;432;432;3;5;0;0;0;0;401;3;2;3;139;432;0;0;432;432;0
"Dynamic Shapes";0;0;0;501;432;432;3;3;0;0;0;0;139;1;1;1;139;432;0;0;432;432;0
"EndJob";0;0;0;501;432;432;5;12;0;0;0;0;1277;9;1;34;133;432;0;0;432;432;0
"Entities Reads";0;0;0;501;432;432;3;3;0;0;0;0;139;1;1;1;139;432;0;0;432;432;0
"File Bytes Read";0;0;0;501;432;432;3;3;0;0;0;0;139;1;1;1;139;432;0;0;432;432;0
"File Bytes Written";0;0;0;501;432;432;3;3;0;0;0;0;139;1;1;1;139;432;0;0;432;432;0
"File Handles Open";0;0;0;501;432;432;3;3;0;0;0;0;139;1;1;1;139;432;0;0;432;432;0
"File Reads Finished";0;0;0;501;432;432;3;3;0;0;0;0;139;1;1;1;139;432;0;0;432;432;0
"File Reads Started";0;0;0;501;432;432;3;3;0;0;0;0;139;1;1;1;139;432;0;0;432;432;0
"File Seeks";0;0;0;501;432;432;3;3;0;0;0;0;139;1;1;1;139;432;0;0;432;432;0
"Files Closed";0;0;0;501;432;432;3;3;0;0;0;0;139;1;1;1;139;432;0;0;432;432;0
"Files Opened";0;0;0;501;432;432;3;3;0;0;0;0;139;1;1;1;139;432;0;0;432;432;0
"Game Object Count";0;0;0;501;432;432;3;3;0;0;0;0;139;1;1;1;139;432;0;0;432;432;0
"GC Allocated In Frame";0;0;0;501;432;432;3;3;0;0;0;0;139;1;1;1;139;432;0;0;432;432;0
"GC Allocation In Frame Count";0;0;0;501;432;432;3;3;0;0;0;0;139;1;1;1;139;432;0;0;432;432;0
"GC Reserved Memory";0;0;0;501;432;432;3;3;0;0;0;0;139;1;1;1;139;432;0;0;432;432;0
"GC Used Memory";0;0;0;501;432;432;3;3;0;0;0;0;139;1;1;1;139;432;0;0;432;432;0
"GetContacts Queries";0;0;0;501;432;432;3;3;0;0;0;0;139;1;1;1;139;432;0;0;432;432;0
"Gfx Reserved Memory";0;0;0;501;432;432;3;3;0;0;0;0;139;1;1;1;139;432;0;0;432;432;0
"Gfx Used Memory";0;0;0;501;432;432;3;3;0;0;0;0;139;1;1;1;139;432;0;0;432;432;0
"Global Illumination Support";0;0;0;501;432;432;3;3;0;0;0;0;139;1;1;1;139;432;0;0;432;432;0
"GPU Frame Time";0;0;0;501;432;432;3;3;0;0;0;0;139;1;1;1;139;432;0;0;432;432;0
"IsTouching Queries";0;0;0;501;432;432;3;3;0;0;0;0;139;1;1;1;139;432;0;0;432;432;0
"KickJobs";0;0;0;501;432;432;5;12;0;0;0;0;3015;21;20;30;139;432;0;0;432;432;0
"Kinematic Bodies";0;0;0;501;432;432;3;3;0;0;0;0;139;1;1;1;139;432;0;0;432;432;0
"Kinematic Shapes";0;0;0;501;432;432;3;3;0;0;0;0;139;1;1;1;139;432;0;0;432;432;0
"Material Count";0;0;0;501;432;432;3;3;0;0;0;0;139;1;1;1;139;432;0;0;432;432;0
"Material Memory";0;0;0;501;432;432;3;3;0;0;0;0;139;1;1;1;139;432;0;0;432;432;0
"Max Cache Demand";0;0;0;501;432;432;3;3;0;0;0;0;139;1;1;1;139;432;0;0;432;432;0
"Max Cache Mip Bias";0;0;0;501;432;432;3;3;0;0;0;0;139;1;1;1;139;432;0;0;432;432;0
"Mesh Count";0;0;0;501;432;432;3;3;0;0;0;0;139;1;1;1;139;432;0;0;432;432;0
"Mesh Memory";0;0;0;501;432;432;3;3;0;0;0;0;139;1;1;1;139;432;0;0;432;432;0
"Mesh Reads";0;0;0;501;432;432;3;3;0;0;0;0;139;1;1;1;139;432;0;0;432;432;0
"Missing Disk Data";0;0;0;501;432;432;3;3;0;0;0;0;139;1;1;1;139;432;0;0;432;432;0
"Missing Streaming Tiles";0;0;0;501;432;432;3;3;0;0;0;0;139;1;1;1;139;432;0;0;432;432;0
"Modified Overlaps";0;0;0;501;432;432;3;5;0;0;0;0;262;2;1;2;139;432;0;0;432;432;0
"Narrowphase Lost Touches";0;0;0;501;432;432;3;5;0;0;0;0;262;2;1;2;139;432;0;0;432;432;0
"Narrowphase New Touches";0;0;0;501;432;432;3;5;0;0;0;0;262;2;1;2;139;432;0;0;432;432;0
"Narrowphase Touches";0;0;0;501;432;432;3;5;0;0;0;0;262;2;1;2;139;432;0;0;432;432;0
"Object Count";0;0;0;501;432;432;3;3;0;0;0;0;139;1;1;1;139;432;0;0;432;432;0
"Other Reads";0;0;0;501;432;432;3;3;0;0;0;0;139;1;1;1;139;432;0;0;432;432;0
"Overlap Queries";0;0;0;501;432;432;3;3;0;0;0;0;139;1;1;1;139;432;0;0;432;432;0
"Overlaps";0;0;0;501;432;432;3;5;0;0;0;0;262;2;1;2;139;432;0;0;432;432;0
"Particle Queries";0;0;0;501;432;432;3;3;0;0;0;0;139;1;1;1;139;432;0;0;432;432;0
"Physics Queries";0;0;0;501;432;432;3;5;0;0;0;0;262;2;1;2;139;432;0;0;432;432;0
"Physics Used Memory";0;0;0;501;432;432;3;5;0;0;0;0;262;2;1;2;139;432;0;0;432;432;0
"Physics Used Memory (2D)";0;0;0;501;432;432;3;3;0;0;0;0;139;1;1;1;139;432;0;0;432;432;0
"Profiler Reserved Memory";0;0;0;501;432;432;3;3;0;0;0;0;139;1;1;1;139;432;0;0;432;432;0
"Profiler Used Memory";0;0;0;501;432;432;3;3;0;0;0;0;139;1;1;1;139;432;0;0;432;432;0
"Raycast Queries";0;0;0;501;432;432;3;3;0;0;0;0;139;1;1;1;139;432;0;0;432;432;0
"Read From Disk";0;0;0;501;432;432;3;3;0;0;0;0;139;1;1;1;139;432;0;0;432;432;0
"Reads in Flight";0;0;0;501;432;432;3;3;0;0;0;0;139;1;1;1;139;432;0;0;432;432;0
"Removed Contacts";0;0;0;501;432;432;3;3;0;0;0;0;139;1;1;1;139;432;0;0;432;432;0
"Render Textures Bytes";0;0;0;501;432;432;3;3;0;0;0;0;139;1;1;1;139;432;0;0;432;432;0
"Render Textures Count";0;0;0;501;432;432;3;3;0;0;0;0;139;1;1;1;139;432;0;0;432;432;0
"Required Tiles";0;0;0;501;432;432;3;3;0;0;0;0;139;1;1;1;139;432;0;0;432;432;0
"Rigidbodies Synced";0;0;0;501;432;432;3;5;0;0;0;0;262;2;1;2;139;432;0;0;432;432;0
"Scene Object Count";0;0;0;501;432;432;3;3;0;0;0;0;139;1;1;1;139;432;0;0;432;432;0
"Scenes";0;0;0;501;432;432;3;3;0;0;0;0;139;1;1;1;139;432;0;0;432;432;0
"ScheduleAllocJob";0;0;0;501;432;432;7;12;0;0;0;0;1762;12;11;18;139;432;0;0;432;432;0
"ScheduleJob";0;0;0;501;432;432;4;15;0;0;0;0;6157;40;28;102;139;432;0;0;432;432;0
"Scripting Reads";0;0;0;501;432;432;3;3;0;0;0;0;139;1;1;1;139;432;0;0;432;432;0
"Shapecast Queries";0;0;0;501;432;432;3;3;0;0;0;0;139;1;1;1;139;432;0;0;432;432;0
"Solver Continuous Islands";0;0;0;501;432;432;3;3;0;0;0;0;139;1;1;1;139;432;0;0;432;432;0
"Solver Discrete Islands";0;0;0;501;432;432;3;3;0;0;0;0;139;1;1;1;139;432;0;0;432;432;0
"Solver Simulation Count";0;0;0;501;432;432;3;3;0;0;0;0;139;1;1;1;139;432;0;0;432;432;0
"Solver World Count";0;0;0;501;432;432;3;3;0;0;0;0;139;1;1;1;139;432;0;0;432;432;0
"Static Bodies";0;0;0;501;432;432;3;3;0;0;0;0;139;1;1;1;139;432;0;0;432;432;0
"Static Colliders";0;0;0;501;432;432;3;5;0;0;0;0;262;2;1;2;139;432;0;0;432;432;0
"Static Shapes";0;0;0;501;432;432;3;3;0;0;0;0;139;1;1;1;139;432;0;0;432;432;0
"System Total Used Memory";0;0;0;501;432;432;3;3;0;0;0;0;139;1;1;1;139;432;0;0;432;432;0
"System Used Memory";0;0;0;501;432;432;3;3;0;0;0;0;139;1;1;1;139;432;0;0;432;432;0
"Texture Count";0;0;0;501;432;432;3;3;0;0;0;0;139;1;1;1;139;432;0;0;432;432;0
"Texture Memory";0;0;0;501;432;432;3;3;0;0;0;0;139;1;1;1;139;432;0;0;432;432;0
"Texture Reads";0;0;0;501;432;432;3;3;0;0;0;0;139;1;1;1;139;432;0;0;432;432;0
"Total Bodies";0;0;0;501;432;432;3;3;0;0;0;0;139;1;1;1;139;432;0;0;432;432;0
"Total Callbacks";0;0;0;501;432;432;3;3;0;0;0;0;139;1;1;1;139;432;0;0;432;432;0
"Total Contacts";0;0;0;501;432;432;3;3;0;0;0;0;139;1;1;1;139;432;0;0;432;432;0
"Total CPU Cache Size";0;0;0;501;432;432;3;3;0;0;0;0;139;1;1;1;139;432;0;0;432;432;0
"Total GPU Cache Size";0;0;0;501;432;432;3;3;0;0;0;0;139;1;1;1;139;432;0;0;432;432;0
"Total Joints";0;0;0;501;432;432;3;3;0;0;0;0;139;1;1;1;139;432;0;0;432;432;0
"Total Queries";0;0;0;501;432;432;3;3;0;0;0;0;139;1;1;1;139;432;0;0;432;432;0
"Total Reserved Memory";0;0;0;501;432;432;3;3;0;0;0;0;139;1;1;1;139;432;0;0;432;432;0
"Total Shapes";0;0;0;501;432;432;3;3;0;0;0;0;139;1;1;1;139;432;0;0;432;432;0
"Total Transform Sync Calls";0;0;0;501;432;432;3;3;0;0;0;0;139;1;1;1;139;432;0;0;432;432;0
"Total Used Memory";0;0;0;501;432;432;3;3;0;0;0;0;139;1;1;1;139;432;0;0;432;432;0
"Transform Parent Sync Bodies";0;0;0;501;432;432;3;3;0;0;0;0;139;1;1;1;139;432;0;0;432;432;0
"Transform Parent Sync Colliders";0;0;0;501;432;432;3;3;0;0;0;0;139;1;1;1;139;432;0;0;432;432;0
"Transform Sync Bodies";0;0;0;501;432;432;3;3;0;0;0;0;139;1;1;1;139;432;0;0;432;432;0
"Transform Sync Colliders";0;0;0;501;432;432;3;3;0;0;0;0;139;1;1;1;139;432;0;0;432;432;0
"Trigger Enter";0;0;0;501;432;432;3;3;0;0;0;0;139;1;1;1;139;432;0;0;432;432;0
"Trigger Exit";0;0;0;501;432;432;3;3;0;0;0;0;139;1;1;1;139;432;0;0;432;432;0
"Trigger Overlaps";0;0;0;501;432;432;3;5;0;0;0;0;385;3;1;3;139;432;0;0;432;432;0
"Trigger Stay";0;0;0;501;432;432;3;3;0;0;0;0;139;1;1;1;139;432;0;0;432;432;0
"Video Reserved Memory";0;0;0;501;432;432;3;3;0;0;0;0;139;1;1;1;139;432;0;0;432;432;0
"Video Used Memory";0;0;0;501;432;432;3;3;0;0;0;0;139;1;1;1;139;432;0;0;432;432;0
"Virtual Texture Reads";0;0;0;501;432;432;3;3;0;0;0;0;139;1;1;1;139;432;0;0;432;432;0
"WaitForCompleted";0;0;0;501;432;432;4;11;0;0;0;0;4810;33;23;89;139;432;0;0;432;432;0
"Component.SetGameObject";0;0;0;505;457;457;7;8;0;0;0;0;170;56;2;56;4;457;0;0;457;457;0
"Physics.WriteRigidbodyPoses";0;0;0.0002;515;434;485;6;6;0.00179999995452818;1.463415E-05;0;0;159;1;1;7;123;434;0;0.0001;434;435;0
"Connections.Process";0;0;0.0001;516;432;436;6;6;0.00229999994189711;1.654676E-05;0;0;139;1;1;1;139;432;0;0.0001;432;436;0
"ConstraintManager::Update::JobSetup";0;0;0.001;516;432;548;5;5;0.00419999996665865;3.021583E-05;0;0;139;1;1;1;139;432;0;0.001;432;548;0
"PostLateUpdate.UpdateCaptureScreenshot";0;0;0.0001;517;433;432;3;3;0.00289999992673984;2.086331E-05;0;0;139;1;1;1;139;432;0;0.0001;433;432;0
"Connections.Poll";0;0;0.0001;522;432;433;6;6;0.0031999999191612;2.302158E-05;0;0;139;1;1;1;139;432;0;0.0001;432;433;0
"Physics.WriteColliderPoses";0;0;0.0002;523;434;530;6;6;0.00279999992926605;2.276423E-05;0;0;159;1;1;7;123;434;0;0.0001;434;435;0
"Physics2D.EffectorFixedUpdate";0;0;0.0002;527;434;558;5;5;0.00329999991663499;2.682927E-05;0;0.0001;159;1;1;7;123;434;0;0.0001;434;435;0
"CullingGroupSendEvents";0;0;0.0001;528;432;435;8;8;0.00409999989642529;2.94964E-05;0;0.0001;140;1;1;2;139;432;0;0.0001;432;435;0.0001
"Physics2D.JointBreakLimits";0;0;0.0002;528;434;534;5;5;0.00359999990905635;2.926829E-05;0;0.0001;159;1;1;7;123;434;0;0.0001;434;444;0
"TextureStreamingManager.Update";0;0;0.0002;529;432;492;4;4;0.00439999988884665;3.165468E-05;0;0.0001;139;1;1;1;139;432;0;0.0002;432;492;0
"Physics2D.ClearBodyIslandFlagsJob";0;0;0.0001;534;445;455;10;10;0.000599999984842725;2.5E-05;0;0;28;1;1;2;24;445;0;0.0001;445;455;0
"UIEvents.AlignCanvasRectTransformWithCamera";0;0;0.0001;534;432;433;4;4;0.00409999989642529;2.94964E-05;0;0.0001;139;1;1;1;139;432;0;0.0001;432;433;0.0001
"Physics2D.UpdateTriggerContactsTask";0;0;0.0002;536;434;466;6;6;0.00449999988632044;3.658537E-05;0;0.0001;159;1;1;7;123;434;0;0.0002;434;466;0
"Terrain.UpdateSplatProperties";0;0;0.0001;538;434;432;9;9;0.0047999998787418;3.453237E-05;0;0.0001;140;1;1;2;139;432;0;0.0001;434;432;0
"PreUpdate.CheckTexFieldInput";0;0;0.001;543;432;537;3;3;0.00709999988612253;5.107914E-05;0;0.0001;139;1;1;1;139;432;0;0.001;432;537;0
"TextureStreamingManager.RemoveRenderer";0;0;0.0003;545;505;457;8;8;0.000299999985145405;0.0001;0;0;24;8;8;8;3;457;0;0.0001;457;457;0
"PostLateUpdate.ResetInputAxis";0;0;0.0002;546;437;472;3;3;0.00619999984337483;4.460432E-05;0;0.0001;139;1;1;1;139;432;0;0.0002;437;472;0
"Terrain.Trees.OnWillRender";0;0;0.0002;550;432;476;11;11;0.0055999998585321;4.028777E-05;0;0.0001;140;1;1;2;139;432;0;0.0002;432;476;0.0001
"Physics2D.SolveDiscreteIslandBodySleepJob";0;0;0.0002;555;437;473;10;10;0.0023999999393709;5E-05;0;0.0001;62;1;1;3;48;435;0;0.0002;435;536;0
"Send messages";0;0;0.0003;555;432;536;5;5;0.00649999982852023;4.676259E-05;0;0.0001;139;1;1;1;139;432;0;0.0003;432;536;0
"Setup Debug Properties";0;0;0.0035;558;432;458;9;9;0.0096999997185776;6.978417E-05;0;0.0001;140;1;1;2;139;432;0;0.0035;432;458;0.0001
"Profiler.CollectUICanvasStats";0;0;0.0002;565;432;433;3;3;0.00689999982569134;4.964029E-05;0;0.0001;139;1;1;1;139;432;0;0.0002;432;433;0
"CombineJobResults";0;0;0.0002;566;432;434;11;11;0.00409999989642529;6.212121E-05;0;0.0001;82;1;1;2;66;432;0;0.0002;432;539;0
"Object.SetName";0;0;0;570;570;570;6;9;0;0;0;0;21;21;21;21;1;570;0;0;570;570;0
