pack_type,pack_id,status,source_assets,target_root,unity_asset_root,source_revision,authoring_sources,details
Core,Core,Mapped,"Assets/Sprites/SpriteLibraries/UI/Fonts.spriteSheetLib
Assets/Sprites/SpriteLibraries/UI/MapMenus.spriteSheetLib
Assets/Sprites/SpriteLibraries/UI/Saves.spriteSheetLib
Assets/Sprites/SpriteLibraries/UI/SelectMenus.spriteSheetLib
Assets/Sprites/SpriteLibraries/MainMenu/MainMenu.spriteSheetLib
Assets/Sprites/SpriteLibraries/Items/Items.spriteSheetLib
Assets/Sprites/SpriteLibraries/HealthBar/HealthBarUI.spriteSheetLib
Assets/Sprites/SpriteLibraries/UI/Core.spriteSheetLib",D:\localDev\Unity\Esperanza\MyProjectContent\Core,Packages/com.skaraman.myprojectcontent/Core,manual:2026-07-09T22:54:50+00:00,"sprite_library: Assets/Sprites/SpriteLibraries/UI/Fonts.spriteSheetLib -> Sprites/SpriteLibraries/UI
sprite_library: Assets/Sprites/SpriteLibraries/UI/MapMenus.spriteSheetLib -> Sprites/SpriteLibraries/UI
sprite_library: Assets/Sprites/SpriteLibraries/UI/Saves.spriteSheetLib -> Sprites/SpriteLibraries/UI
sprite_library: Assets/Sprites/SpriteLibraries/UI/SelectMenus.spriteSheetLib -> Sprites/SpriteLibraries/UI
sprite_library: Assets/Sprites/SpriteLibraries/MainMenu/MainMenu.spriteSheetLib -> Sprites/SpriteLibraries/MainMenu
sprite_library: Assets/Sprites/SpriteLibraries/Items/Items.spriteSheetLib -> Sprites/SpriteLibraries/Items
sprite_library: Assets/Sprites/SpriteLibraries/HealthBar/HealthBarUI.spriteSheetLib -> Sprites/SpriteLibraries/HealthBar
sprite_library: Assets/Sprites/SpriteLibraries/UI/Core.spriteSheetLib -> Sprites/SpriteLibraries/UI","External pack exists: True
Unity package asset root: Packages/com.skaraman.myprojectcontent/Core
Addressable group: SpriteTextures
Manifest found: ContentPackManifest.json
Exported from: MyProject
Owned roots: 8"
Gear,GearAqua_aa_Chest,Mapped,Assets/Sprites/SpriteLibraries/Esperanza/Gear/GearTorso_split/aqua_aa_torso.spriteSheetLib,D:\localDev\Unity\Esperanza\MyProjectContent\GearAqua_aa_Chest,Packages/com.skaraman.myprojectcontent/GearAqua_aa_Chest,430c0b62488701a79b011dbf6b31da1524571a26,sprite_library: Assets/Sprites/SpriteLibraries/Esperanza/Gear/GearTorso_split/aqua_aa_torso.spriteSheetLib -> Sprites/SpriteLibraries/Esperanza/Gear/GearTorso_split,"External pack exists: True
Unity package asset root: Packages/com.skaraman.myprojectcontent/GearAqua_aa_Chest
Addressable group: SpriteTextures__GearAqua_aa_Chest
Manifest found: ContentPackManifest.json
Exported from: MyProject
Owned roots: 1
Gear id: Aqua_aa
Gear leaf: Chest"
Gear,GearAqua_aa_Legs,Mapped,"Assets/Sprites/SpriteLibraries/Esperanza/Gear/GearThighRight_split/aqua_aa_thigh_right.spriteSheetLib
Assets/Sprites/SpriteLibraries/Esperanza/Gear/GearThighLeft_split/aqua_aa_thigh_left.spriteSheetLib
Assets/Sprites/SpriteLibraries/Esperanza/Gear/GearPelvis_split/aqua_aa_pelvis.spriteSheetLib",D:\localDev\Unity\Esperanza\MyProjectContent\GearAqua_aa_Legs,Packages/com.skaraman.myprojectcontent/GearAqua_aa_Legs,430c0b62488701a79b011dbf6b31da1524571a26,"sprite_library: Assets/Sprites/SpriteLibraries/Esperanza/Gear/GearThighRight_split/aqua_aa_thigh_right.spriteSheetLib -> Sprites/SpriteLibraries/Esperanza/Gear/GearThighRight_split
sprite_library: Assets/Sprites/SpriteLibraries/Esperanza/Gear/GearThighLeft_split/aqua_aa_thigh_left.spriteSheetLib -> Sprites/SpriteLibraries/Esperanza/Gear/GearThighLeft_split
sprite_library: Assets/Sprites/SpriteLibraries/Esperanza/Gear/GearPelvis_split/aqua_aa_pelvis.spriteSheetLib -> Sprites/SpriteLibraries/Esperanza/Gear/GearPelvis_split","External pack exists: True
Unity package asset root: Packages/com.skaraman.myprojectcontent/GearAqua_aa_Legs
Addressable group: SpriteTextures__GearAqua_aa_Legs
Manifest found: ContentPackManifest.json
Exported from: MyProject
Owned roots: 3
Gear id: Aqua_aa
Gear leaf: Legs"
Gear,GearAqua_ab_Arms,Mapped,"Assets/Sprites/SpriteLibraries/Esperanza/Gear/GearForearmLeft_split/aqua_ab_forearm_left.spriteSheetLib
Assets/Sprites/SpriteLibraries/Esperanza/Gear/GearForearmRight_split/aqua_ab_forearm_right.spriteSheetLib",D:\localDev\Unity\Esperanza\MyProjectContent\GearAqua_ab_Arms,Packages/com.skaraman.myprojectcontent/GearAqua_ab_Arms,430c0b62488701a79b011dbf6b31da1524571a26,"sprite_library: Assets/Sprites/SpriteLibraries/Esperanza/Gear/GearForearmLeft_split/aqua_ab_forearm_left.spriteSheetLib -> Sprites/SpriteLibraries/Esperanza/Gear/GearForearmLeft_split
sprite_library: Assets/Sprites/SpriteLibraries/Esperanza/Gear/GearForearmRight_split/aqua_ab_forearm_right.spriteSheetLib -> Sprites/SpriteLibraries/Esperanza/Gear/GearForearmRight_split","External pack exists: True
Unity package asset root: Packages/com.skaraman.myprojectcontent/GearAqua_ab_Arms
Addressable group: SpriteTextures__GearAqua_ab_Arms
Manifest found: ContentPackManifest.json
Exported from: MyProject
Owned roots: 2
Gear id: Aqua_ab
Gear leaf: Arms"
Gear,GearAqua_ab_Chest,Mapped,"Assets/Sprites/SpriteLibraries/Esperanza/Gear/GearArmRight_split/aqua_ab_arm_right.spriteSheetLib
Assets/Sprites/SpriteLibraries/Esperanza/Gear/GearArmLeft_split/aqua_ab_arm_left.spriteSheetLib
Assets/Sprites/SpriteLibraries/Esperanza/Gear/GearTorso_split/aqua_ab_torso.spriteSheetLib",D:\localDev\Unity\Esperanza\MyProjectContent\GearAqua_ab_Chest,Packages/com.skaraman.myprojectcontent/GearAqua_ab_Chest,430c0b62488701a79b011dbf6b31da1524571a26,"sprite_library: Assets/Sprites/SpriteLibraries/Esperanza/Gear/GearArmRight_split/aqua_ab_arm_right.spriteSheetLib -> Sprites/SpriteLibraries/Esperanza/Gear/GearArmRight_split
sprite_library: Assets/Sprites/SpriteLibraries/Esperanza/Gear/GearArmLeft_split/aqua_ab_arm_left.spriteSheetLib -> Sprites/SpriteLibraries/Esperanza/Gear/GearArmLeft_split
sprite_library: Assets/Sprites/SpriteLibraries/Esperanza/Gear/GearTorso_split/aqua_ab_torso.spriteSheetLib -> Sprites/SpriteLibraries/Esperanza/Gear/GearTorso_split","External pack exists: True
Unity package asset root: Packages/com.skaraman.myprojectcontent/GearAqua_ab_Chest
Addressable group: SpriteTextures__GearAqua_ab_Chest
Manifest found: ContentPackManifest.json
Exported from: MyProject
Owned roots: 3
Gear id: Aqua_ab
Gear leaf: Chest"
Gear,GearAqua_ab_Feet,Mapped,"Assets/Sprites/SpriteLibraries/Esperanza/Gear/GearFootLeft_split/aqua_ab_foot_left.spriteSheetLib
Assets/Sprites/SpriteLibraries/Esperanza/Gear/GearCalfLeft_split/aqua_ab_calf_left.spriteSheetLib
Assets/Sprites/SpriteLibraries/Esperanza/Gear/GearFootRight_split/aqua_ab_foot_right.spriteSheetLib
Assets/Sprites/SpriteLibraries/Esperanza/Gear/GearCalfRight_split/aqua_ab_calf_right.spriteSheetLib",D:\localDev\Unity\Esperanza\MyProjectContent\GearAqua_ab_Feet,Packages/com.skaraman.myprojectcontent/GearAqua_ab_Feet,430c0b62488701a79b011dbf6b31da1524571a26,"sprite_library: Assets/Sprites/SpriteLibraries/Esperanza/Gear/GearFootLeft_split/aqua_ab_foot_left.spriteSheetLib -> Sprites/SpriteLibraries/Esperanza/Gear/GearFootLeft_split
sprite_library: Assets/Sprites/SpriteLibraries/Esperanza/Gear/GearCalfLeft_split/aqua_ab_calf_left.spriteSheetLib -> Sprites/SpriteLibraries/Esperanza/Gear/GearCalfLeft_split
sprite_library: Assets/Sprites/SpriteLibraries/Esperanza/Gear/GearFootRight_split/aqua_ab_foot_right.spriteSheetLib -> Sprites/SpriteLibraries/Esperanza/Gear/GearFootRight_split
sprite_library: Assets/Sprites/SpriteLibraries/Esperanza/Gear/GearCalfRight_split/aqua_ab_calf_right.spriteSheetLib -> Sprites/SpriteLibraries/Esperanza/Gear/GearCalfRight_split","External pack exists: True
Unity package asset root: Packages/com.skaraman.myprojectcontent/GearAqua_ab_Feet
Addressable group: SpriteTextures__GearAqua_ab_Feet
Manifest found: ContentPackManifest.json
Exported from: MyProject
Owned roots: 4
Gear id: Aqua_ab
Gear leaf: Feet"
Gear,GearAqua_ab_Head,Mapped,Assets/Sprites/SpriteLibraries/Esperanza/Gear/GearHead_split/aqua_ab_head.spriteSheetLib,D:\localDev\Unity\Esperanza\MyProjectContent\GearAqua_ab_Head,Packages/com.skaraman.myprojectcontent/GearAqua_ab_Head,430c0b62488701a79b011dbf6b31da1524571a26,sprite_library: Assets/Sprites/SpriteLibraries/Esperanza/Gear/GearHead_split/aqua_ab_head.spriteSheetLib -> Sprites/SpriteLibraries/Esperanza/Gear/GearHead_split,"External pack exists: True
Unity package asset root: Packages/com.skaraman.myprojectcontent/GearAqua_ab_Head
Addressable group: SpriteTextures__GearAqua_ab_Head
Manifest found: ContentPackManifest.json
Exported from: MyProject
Owned roots: 1
Gear id: Aqua_ab
Gear leaf: Head"
Gear,GearAqua_ab_Legs,Mapped,"Assets/Sprites/SpriteLibraries/Esperanza/Gear/GearThighRight_split/aqua_ab_thigh_right.spriteSheetLib
Assets/Sprites/SpriteLibraries/Esperanza/Gear/GearThighLeft_split/aqua_ab_thigh_left.spriteSheetLib
Assets/Sprites/SpriteLibraries/Esperanza/Gear/GearPelvis_split/aqua_ab_pelvis.spriteSheetLib",D:\localDev\Unity\Esperanza\MyProjectContent\GearAqua_ab_Legs,Packages/com.skaraman.myprojectcontent/GearAqua_ab_Legs,430c0b62488701a79b011dbf6b31da1524571a26,"sprite_library: Assets/Sprites/SpriteLibraries/Esperanza/Gear/GearThighRight_split/aqua_ab_thigh_right.spriteSheetLib -> Sprites/SpriteLibraries/Esperanza/Gear/GearThighRight_split
sprite_library: Assets/Sprites/SpriteLibraries/Esperanza/Gear/GearThighLeft_split/aqua_ab_thigh_left.spriteSheetLib -> Sprites/SpriteLibraries/Esperanza/Gear/GearThighLeft_split
sprite_library: Assets/Sprites/SpriteLibraries/Esperanza/Gear/GearPelvis_split/aqua_ab_pelvis.spriteSheetLib -> Sprites/SpriteLibraries/Esperanza/Gear/GearPelvis_split","External pack exists: True
Unity package asset root: Packages/com.skaraman.myprojectcontent/GearAqua_ab_Legs
Addressable group: SpriteTextures__GearAqua_ab_Legs
Manifest found: ContentPackManifest.json
Exported from: MyProject
Owned roots: 3
Gear id: Aqua_ab
Gear leaf: Legs"
Gear,GearAqua_ac_Arms,Mapped,"Assets/Sprites/SpriteLibraries/Esperanza/Gear/GearForearmLeft_split/aqua_ac_forearm_left.spriteSheetLib
Assets/Sprites/SpriteLibraries/Esperanza/Gear/GearForearmRight_split/aqua_ac_forearm_right.spriteSheetLib
Assets/Sprites/SpriteLibraries/Esperanza/Gear/GearHandLeft_split/aqua_ac_hand_left.spriteSheetLib
Assets/Sprites/SpriteLibraries/Esperanza/Gear/GearHandRight_split/aqua_ac_hand_right.spriteSheetLib",D:\localDev\Unity\Esperanza\MyProjectContent\GearAqua_ac_Arms,Packages/com.skaraman.myprojectcontent/GearAqua_ac_Arms,430c0b62488701a79b011dbf6b31da1524571a26,"sprite_library: Assets/Sprites/SpriteLibraries/Esperanza/Gear/GearForearmLeft_split/aqua_ac_forearm_left.spriteSheetLib -> Sprites/SpriteLibraries/Esperanza/Gear/GearForearmLeft_split
sprite_library: Assets/Sprites/SpriteLibraries/Esperanza/Gear/GearForearmRight_split/aqua_ac_forearm_right.spriteSheetLib -> Sprites/SpriteLibraries/Esperanza/Gear/GearForearmRight_split
sprite_library: Assets/Sprites/SpriteLibraries/Esperanza/Gear/GearHandLeft_split/aqua_ac_hand_left.spriteSheetLib -> Sprites/SpriteLibraries/Esperanza/Gear/GearHandLeft_split
sprite_library: Assets/Sprites/SpriteLibraries/Esperanza/Gear/GearHandRight_split/aqua_ac_hand_right.spriteSheetLib -> Sprites/SpriteLibraries/Esperanza/Gear/GearHandRight_split","External pack exists: True
Unity package asset root: Packages/com.skaraman.myprojectcontent/GearAqua_ac_Arms
Addressable group: SpriteTextures__GearAqua_ac_Arms
Manifest found: ContentPackManifest.json
Exported from: MyProject
Owned roots: 4
Gear id: Aqua_ac
Gear leaf: Arms"
Gear,GearAqua_ac_Chest,Mapped,"Assets/Sprites/SpriteLibraries/Esperanza/Gear/GearArmRight_split/aqua_ac_arm_right.spriteSheetLib
Assets/Sprites/SpriteLibraries/Esperanza/Gear/GearArmLeft_split/aqua_ac_arm_left.spriteSheetLib
Assets/Sprites/SpriteLibraries/Esperanza/Gear/GearTorso_split/aqua_ac_torso.spriteSheetLib",D:\localDev\Unity\Esperanza\MyProjectContent\GearAqua_ac_Chest,Packages/com.skaraman.myprojectcontent/GearAqua_ac_Chest,430c0b62488701a79b011dbf6b31da1524571a26,"sprite_library: Assets/Sprites/SpriteLibraries/Esperanza/Gear/GearArmRight_split/aqua_ac_arm_right.spriteSheetLib -> Sprites/SpriteLibraries/Esperanza/Gear/GearArmRight_split
sprite_library: Assets/Sprites/SpriteLibraries/Esperanza/Gear/GearArmLeft_split/aqua_ac_arm_left.spriteSheetLib -> Sprites/SpriteLibraries/Esperanza/Gear/GearArmLeft_split
sprite_library: Assets/Sprites/SpriteLibraries/Esperanza/Gear/GearTorso_split/aqua_ac_torso.spriteSheetLib -> Sprites/SpriteLibraries/Esperanza/Gear/GearTorso_split","External pack exists: True
Unity package asset root: Packages/com.skaraman.myprojectcontent/GearAqua_ac_Chest
Addressable group: SpriteTextures__GearAqua_ac_Chest
Manifest found: ContentPackManifest.json
Exported from: MyProject
Owned roots: 3
Gear id: Aqua_ac
Gear leaf: Chest"
Gear,GearAqua_ac_Feet,Mapped,"Assets/Sprites/SpriteLibraries/Esperanza/Gear/GearFootLeft_split/aqua_ac_foot_left.spriteSheetLib
Assets/Sprites/SpriteLibraries/Esperanza/Gear/GearCalfLeft_split/aqua_ac_calf_left.spriteSheetLib
Assets/Sprites/SpriteLibraries/Esperanza/Gear/GearFootRight_split/aqua_ac_foot_right.spriteSheetLib
Assets/Sprites/SpriteLibraries/Esperanza/Gear/GearCalfRight_split/aqua_ac_calf_right.spriteSheetLib",D:\localDev\Unity\Esperanza\MyProjectContent\GearAqua_ac_Feet,Packages/com.skaraman.myprojectcontent/GearAqua_ac_Feet,430c0b62488701a79b011dbf6b31da1524571a26,"sprite_library: Assets/Sprites/SpriteLibraries/Esperanza/Gear/GearFootLeft_split/aqua_ac_foot_left.spriteSheetLib -> Sprites/SpriteLibraries/Esperanza/Gear/GearFootLeft_split
sprite_library: Assets/Sprites/SpriteLibraries/Esperanza/Gear/GearCalfLeft_split/aqua_ac_calf_left.spriteSheetLib -> Sprites/SpriteLibraries/Esperanza/Gear/GearCalfLeft_split
sprite_library: Assets/Sprites/SpriteLibraries/Esperanza/Gear/GearFootRight_split/aqua_ac_foot_right.spriteSheetLib -> Sprites/SpriteLibraries/Esperanza/Gear/GearFootRight_split
sprite_library: Assets/Sprites/SpriteLibraries/Esperanza/Gear/GearCalfRight_split/aqua_ac_calf_right.spriteSheetLib -> Sprites/SpriteLibraries/Esperanza/Gear/GearCalfRight_split","External pack exists: True
Unity package asset root: Packages/com.skaraman.myprojectcontent/GearAqua_ac_Feet
Addressable group: SpriteTextures__GearAqua_ac_Feet
Manifest found: ContentPackManifest.json
Exported from: MyProject
Owned roots: 4
Gear id: Aqua_ac
Gear leaf: Feet"
Gear,GearAqua_ac_Head,Mapped,"Assets/Sprites/SpriteLibraries/Esperanza/Gear/GearHead_split/aqua_ac_head.spriteSheetLib
Assets/Sprites/SpriteLibraries/Esperanza/Gear/GearNeck_split/aqua_ac_neck.spriteSheetLib",D:\localDev\Unity\Esperanza\MyProjectContent\GearAqua_ac_Head,Packages/com.skaraman.myprojectcontent/GearAqua_ac_Head,430c0b62488701a79b011dbf6b31da1524571a26,"sprite_library: Assets/Sprites/SpriteLibraries/Esperanza/Gear/GearHead_split/aqua_ac_head.spriteSheetLib -> Sprites/SpriteLibraries/Esperanza/Gear/GearHead_split
sprite_library: Assets/Sprites/SpriteLibraries/Esperanza/Gear/GearNeck_split/aqua_ac_neck.spriteSheetLib -> Sprites/SpriteLibraries/Esperanza/Gear/GearNeck_split","External pack exists: True
Unity package asset root: Packages/com.skaraman.myprojectcontent/GearAqua_ac_Head
Addressable group: SpriteTextures__GearAqua_ac_Head
Manifest found: ContentPackManifest.json
Exported from: MyProject
Owned roots: 2
Gear id: Aqua_ac
Gear leaf: Head"
Gear,GearAqua_ac_Legs,Mapped,"Assets/Sprites/SpriteLibraries/Esperanza/Gear/GearThighRight_split/aqua_ac_thigh_right.spriteSheetLib
Assets/Sprites/SpriteLibraries/Esperanza/Gear/GearThighLeft_split/aqua_ac_thigh_left.spriteSheetLib
Assets/Sprites/SpriteLibraries/Esperanza/Gear/GearPelvis_split/aqua_ac_pelvis.spriteSheetLib",D:\localDev\Unity\Esperanza\MyProjectContent\GearAqua_ac_Legs,Packages/com.skaraman.myprojectcontent/GearAqua_ac_Legs,430c0b62488701a79b011dbf6b31da1524571a26,"sprite_library: Assets/Sprites/SpriteLibraries/Esperanza/Gear/GearThighRight_split/aqua_ac_thigh_right.spriteSheetLib -> Sprites/SpriteLibraries/Esperanza/Gear/GearThighRight_split
sprite_library: Assets/Sprites/SpriteLibraries/Esperanza/Gear/GearThighLeft_split/aqua_ac_thigh_left.spriteSheetLib -> Sprites/SpriteLibraries/Esperanza/Gear/GearThighLeft_split
sprite_library: Assets/Sprites/SpriteLibraries/Esperanza/Gear/GearPelvis_split/aqua_ac_pelvis.spriteSheetLib -> Sprites/SpriteLibraries/Esperanza/Gear/GearPelvis_split","External pack exists: True
Unity package asset root: Packages/com.skaraman.myprojectcontent/GearAqua_ac_Legs
Addressable group: SpriteTextures__GearAqua_ac_Legs
Manifest found: ContentPackManifest.json
Exported from: MyProject
Owned roots: 3
Gear id: Aqua_ac
Gear leaf: Legs"
Gear,GearBase_aa_Chest,Mapped,"Assets/Sprites/SpriteLibraries/Esperanza/Gear/GearArmRight_split/base_aa_arm_right.spriteSheetLib
Assets/Sprites/SpriteLibraries/Esperanza/Gear/GearArmLeft_split/base_aa_arm_left.spriteSheetLib
Assets/Sprites/SpriteLibraries/Esperanza/Gear/GearTorso_split/base_aa_torso.spriteSheetLib",D:\localDev\Unity\Esperanza\MyProjectContent\GearBase_aa_Chest,Packages/com.skaraman.myprojectcontent/GearBase_aa_Chest,430c0b62488701a79b011dbf6b31da1524571a26,"sprite_library: Assets/Sprites/SpriteLibraries/Esperanza/Gear/GearArmRight_split/base_aa_arm_right.spriteSheetLib -> Sprites/SpriteLibraries/Esperanza/Gear/GearArmRight_split
sprite_library: Assets/Sprites/SpriteLibraries/Esperanza/Gear/GearArmLeft_split/base_aa_arm_left.spriteSheetLib -> Sprites/SpriteLibraries/Esperanza/Gear/GearArmLeft_split
sprite_library: Assets/Sprites/SpriteLibraries/Esperanza/Gear/GearTorso_split/base_aa_torso.spriteSheetLib -> Sprites/SpriteLibraries/Esperanza/Gear/GearTorso_split","External pack exists: True
Unity package asset root: Packages/com.skaraman.myprojectcontent/GearBase_aa_Chest
Addressable group: SpriteTextures__GearBase_aa_Chest
Manifest found: ContentPackManifest.json
Exported from: MyProject
Owned roots: 3
Gear id: Base_aa
Gear leaf: Chest"
Gear,GearBase_aa_Feet,Mapped,"Assets/Sprites/SpriteLibraries/Esperanza/Gear/GearFootLeft_split/base_aa_foot_left.spriteSheetLib
Assets/Sprites/SpriteLibraries/Esperanza/Gear/GearCalfLeft_split/base_aa_calf_left.spriteSheetLib
Assets/Sprites/SpriteLibraries/Esperanza/Gear/GearFootRight_split/base_aa_foot_right.spriteSheetLib
Assets/Sprites/SpriteLibraries/Esperanza/Gear/GearCalfRight_split/base_aa_calf_right.spriteSheetLib",D:\localDev\Unity\Esperanza\MyProjectContent\GearBase_aa_Feet,Packages/com.skaraman.myprojectcontent/GearBase_aa_Feet,430c0b62488701a79b011dbf6b31da1524571a26,"sprite_library: Assets/Sprites/SpriteLibraries/Esperanza/Gear/GearFootLeft_split/base_aa_foot_left.spriteSheetLib -> Sprites/SpriteLibraries/Esperanza/Gear/GearFootLeft_split
sprite_library: Assets/Sprites/SpriteLibraries/Esperanza/Gear/GearCalfLeft_split/base_aa_calf_left.spriteSheetLib -> Sprites/SpriteLibraries/Esperanza/Gear/GearCalfLeft_split
sprite_library: Assets/Sprites/SpriteLibraries/Esperanza/Gear/GearFootRight_split/base_aa_foot_right.spriteSheetLib -> Sprites/SpriteLibraries/Esperanza/Gear/GearFootRight_split
sprite_library: Assets/Sprites/SpriteLibraries/Esperanza/Gear/GearCalfRight_split/base_aa_calf_right.spriteSheetLib -> Sprites/SpriteLibraries/Esperanza/Gear/GearCalfRight_split","External pack exists: True
Unity package asset root: Packages/com.skaraman.myprojectcontent/GearBase_aa_Feet
Addressable group: SpriteTextures__GearBase_aa_Feet
Manifest found: ContentPackManifest.json
Exported from: MyProject
Owned roots: 4
Gear id: Base_aa
Gear leaf: Feet"
Gear,GearBase_aa_Legs,Mapped,"Assets/Sprites/SpriteLibraries/Esperanza/Gear/GearThighRight_split/base_aa_thigh_right.spriteSheetLib
Assets/Sprites/SpriteLibraries/Esperanza/Gear/GearThighLeft_split/base_aa_thigh_left.spriteSheetLib
Assets/Sprites/SpriteLibraries/Esperanza/Gear/GearPelvis_split/base_aa_pelvis.spriteSheetLib",D:\localDev\Unity\Esperanza\MyProjectContent\GearBase_aa_Legs,Packages/com.skaraman.myprojectcontent/GearBase_aa_Legs,430c0b62488701a79b011dbf6b31da1524571a26,"sprite_library: Assets/Sprites/SpriteLibraries/Esperanza/Gear/GearThighRight_split/base_aa_thigh_right.spriteSheetLib -> Sprites/SpriteLibraries/Esperanza/Gear/GearThighRight_split
sprite_library: Assets/Sprites/SpriteLibraries/Esperanza/Gear/GearThighLeft_split/base_aa_thigh_left.spriteSheetLib -> Sprites/SpriteLibraries/Esperanza/Gear/GearThighLeft_split
sprite_library: Assets/Sprites/SpriteLibraries/Esperanza/Gear/GearPelvis_split/base_aa_pelvis.spriteSheetLib -> Sprites/SpriteLibraries/Esperanza/Gear/GearPelvis_split","External pack exists: True
Unity package asset root: Packages/com.skaraman.myprojectcontent/GearBase_aa_Legs
Addressable group: SpriteTextures__GearBase_aa_Legs
Manifest found: ContentPackManifest.json
Exported from: MyProject
Owned roots: 3
Gear id: Base_aa
Gear leaf: Legs"
Gear,GearBase_ab_Arms,Mapped,"Assets/Sprites/SpriteLibraries/Esperanza/Gear/GearForearmLeft_split/base_ab_forearm_left.spriteSheetLib
Assets/Sprites/SpriteLibraries/Esperanza/Gear/GearForearmRight_split/base_ab_forearm_right.spriteSheetLib",D:\localDev\Unity\Esperanza\MyProjectContent\GearBase_ab_Arms,Packages/com.skaraman.myprojectcontent/GearBase_ab_Arms,430c0b62488701a79b011dbf6b31da1524571a26,"sprite_library: Assets/Sprites/SpriteLibraries/Esperanza/Gear/GearForearmLeft_split/base_ab_forearm_left.spriteSheetLib -> Sprites/SpriteLibraries/Esperanza/Gear/GearForearmLeft_split
sprite_library: Assets/Sprites/SpriteLibraries/Esperanza/Gear/GearForearmRight_split/base_ab_forearm_right.spriteSheetLib -> Sprites/SpriteLibraries/Esperanza/Gear/GearForearmRight_split","External pack exists: True
Unity package asset root: Packages/com.skaraman.myprojectcontent/GearBase_ab_Arms
Addressable group: SpriteTextures__GearBase_ab_Arms
Manifest found: ContentPackManifest.json
Exported from: MyProject
Owned roots: 2
Gear id: Base_ab
Gear leaf: Arms"
Gear,GearBase_ab_Belt,Mapped,Assets/Sprites/SpriteLibraries/Esperanza/Gear/GearBelt_split/base_ab_belt.spriteSheetLib,D:\localDev\Unity\Esperanza\MyProjectContent\GearBase_ab_Belt,Packages/com.skaraman.myprojectcontent/GearBase_ab_Belt,430c0b62488701a79b011dbf6b31da1524571a26,sprite_library: Assets/Sprites/SpriteLibraries/Esperanza/Gear/GearBelt_split/base_ab_belt.spriteSheetLib -> Sprites/SpriteLibraries/Esperanza/Gear/GearBelt_split,"External pack exists: True
Unity package asset root: Packages/com.skaraman.myprojectcontent/GearBase_ab_Belt
Addressable group: SpriteTextures__GearBase_ab_Belt
Manifest found: ContentPackManifest.json
Exported from: MyProject
Owned roots: 1
Gear id: Base_ab
Gear leaf: Belt"
Gear,GearBase_ab_Chest,Mapped,"Assets/Sprites/SpriteLibraries/Esperanza/Gear/GearArmRight_split/base_ab_arm_right.spriteSheetLib
Assets/Sprites/SpriteLibraries/Esperanza/Gear/GearArmLeft_split/base_ab_arm_left.spriteSheetLib
Assets/Sprites/SpriteLibraries/Esperanza/Gear/GearTorso_split/base_ab_torso.spriteSheetLib",D:\localDev\Unity\Esperanza\MyProjectContent\GearBase_ab_Chest,Packages/com.skaraman.myprojectcontent/GearBase_ab_Chest,430c0b62488701a79b011dbf6b31da1524571a26,"sprite_library: Assets/Sprites/SpriteLibraries/Esperanza/Gear/GearArmRight_split/base_ab_arm_right.spriteSheetLib -> Sprites/SpriteLibraries/Esperanza/Gear/GearArmRight_split
sprite_library: Assets/Sprites/SpriteLibraries/Esperanza/Gear/GearArmLeft_split/base_ab_arm_left.spriteSheetLib -> Sprites/SpriteLibraries/Esperanza/Gear/GearArmLeft_split
sprite_library: Assets/Sprites/SpriteLibraries/Esperanza/Gear/GearTorso_split/base_ab_torso.spriteSheetLib -> Sprites/SpriteLibraries/Esperanza/Gear/GearTorso_split","External pack exists: True
Unity package asset root: Packages/com.skaraman.myprojectcontent/GearBase_ab_Chest
Addressable group: SpriteTextures__GearBase_ab_Chest
Manifest found: ContentPackManifest.json
Exported from: MyProject
Owned roots: 3
Gear id: Base_ab
Gear leaf: Chest"
Gear,GearBase_ab_Feet,Mapped,"Assets/Sprites/SpriteLibraries/Esperanza/Gear/GearFootLeft_split/base_ab_foot_left.spriteSheetLib
Assets/Sprites/SpriteLibraries/Esperanza/Gear/GearCalfLeft_split/base_ab_calf_left.spriteSheetLib
Assets/Sprites/SpriteLibraries/Esperanza/Gear/GearFootRight_split/base_ab_foot_right.spriteSheetLib
Assets/Sprites/SpriteLibraries/Esperanza/Gear/GearCalfRight_split/base_ab_calf_right.spriteSheetLib",D:\localDev\Unity\Esperanza\MyProjectContent\GearBase_ab_Feet,Packages/com.skaraman.myprojectcontent/GearBase_ab_Feet,430c0b62488701a79b011dbf6b31da1524571a26,"sprite_library: Assets/Sprites/SpriteLibraries/Esperanza/Gear/GearFootLeft_split/base_ab_foot_left.spriteSheetLib -> Sprites/SpriteLibraries/Esperanza/Gear/GearFootLeft_split
sprite_library: Assets/Sprites/SpriteLibraries/Esperanza/Gear/GearCalfLeft_split/base_ab_calf_left.spriteSheetLib -> Sprites/SpriteLibraries/Esperanza/Gear/GearCalfLeft_split
sprite_library: Assets/Sprites/SpriteLibraries/Esperanza/Gear/GearFootRight_split/base_ab_foot_right.spriteSheetLib -> Sprites/SpriteLibraries/Esperanza/Gear/GearFootRight_split
sprite_library: Assets/Sprites/SpriteLibraries/Esperanza/Gear/GearCalfRight_split/base_ab_calf_right.spriteSheetLib -> Sprites/SpriteLibraries/Esperanza/Gear/GearCalfRight_split","External pack exists: True
Unity package asset root: Packages/com.skaraman.myprojectcontent/GearBase_ab_Feet
Addressable group: SpriteTextures__GearBase_ab_Feet
Manifest found: ContentPackManifest.json
Exported from: MyProject
Owned roots: 4
Gear id: Base_ab
Gear leaf: Feet"
Gear,GearBase_ab_Legs,Mapped,"Assets/Sprites/SpriteLibraries/Esperanza/Gear/GearThighRight_split/base_ab_thigh_right.spriteSheetLib
Assets/Sprites/SpriteLibraries/Esperanza/Gear/GearThighLeft_split/base_ab_thigh_left.spriteSheetLib
Assets/Sprites/SpriteLibraries/Esperanza/Gear/GearPelvis_split/base_ab_pelvis.spriteSheetLib",D:\localDev\Unity\Esperanza\MyProjectContent\GearBase_ab_Legs,Packages/com.skaraman.myprojectcontent/GearBase_ab_Legs,430c0b62488701a79b011dbf6b31da1524571a26,"sprite_library: Assets/Sprites/SpriteLibraries/Esperanza/Gear/GearThighRight_split/base_ab_thigh_right.spriteSheetLib -> Sprites/SpriteLibraries/Esperanza/Gear/GearThighRight_split
sprite_library: Assets/Sprites/SpriteLibraries/Esperanza/Gear/GearThighLeft_split/base_ab_thigh_left.spriteSheetLib -> Sprites/SpriteLibraries/Esperanza/Gear/GearThighLeft_split
sprite_library: Assets/Sprites/SpriteLibraries/Esperanza/Gear/GearPelvis_split/base_ab_pelvis.spriteSheetLib -> Sprites/SpriteLibraries/Esperanza/Gear/GearPelvis_split","External pack exists: True
Unity package asset root: Packages/com.skaraman.myprojectcontent/GearBase_ab_Legs
Addressable group: SpriteTextures__GearBase_ab_Legs
Manifest found: ContentPackManifest.json
Exported from: MyProject
Owned roots: 3
Gear id: Base_ab
Gear leaf: Legs"
Gear,GearBase_ac_Arms,Mapped,"Assets/Sprites/SpriteLibraries/Esperanza/Gear/GearForearmLeft_split/base_ac_forearm_left.spriteSheetLib
Assets/Sprites/SpriteLibraries/Esperanza/Gear/GearForearmRight_split/base_ac_forearm_right.spriteSheetLib
Assets/Sprites/SpriteLibraries/Esperanza/Gear/GearHandLeft_split/base_ac_hand_left.spriteSheetLib
Assets/Sprites/SpriteLibraries/Esperanza/Gear/GearHandRight_split/base_ac_hand_right.spriteSheetLib",D:\localDev\Unity\Esperanza\MyProjectContent\GearBase_ac_Arms,Packages/com.skaraman.myprojectcontent/GearBase_ac_Arms,430c0b62488701a79b011dbf6b31da1524571a26,"sprite_library: Assets/Sprites/SpriteLibraries/Esperanza/Gear/GearForearmLeft_split/base_ac_forearm_left.spriteSheetLib -> Sprites/SpriteLibraries/Esperanza/Gear/GearForearmLeft_split
sprite_library: Assets/Sprites/SpriteLibraries/Esperanza/Gear/GearForearmRight_split/base_ac_forearm_right.spriteSheetLib -> Sprites/SpriteLibraries/Esperanza/Gear/GearForearmRight_split
sprite_library: Assets/Sprites/SpriteLibraries/Esperanza/Gear/GearHandLeft_split/base_ac_hand_left.spriteSheetLib -> Sprites/SpriteLibraries/Esperanza/Gear/GearHandLeft_split
sprite_library: Assets/Sprites/SpriteLibraries/Esperanza/Gear/GearHandRight_split/base_ac_hand_right.spriteSheetLib -> Sprites/SpriteLibraries/Esperanza/Gear/GearHandRight_split","External pack exists: True
Unity package asset root: Packages/com.skaraman.myprojectcontent/GearBase_ac_Arms
Addressable group: SpriteTextures__GearBase_ac_Arms
Manifest found: ContentPackManifest.json
Exported from: MyProject
Owned roots: 4
Gear id: Base_ac
Gear leaf: Arms"
Gear,GearBase_ac_Chest,Mapped,"Assets/Sprites/SpriteLibraries/Esperanza/Gear/GearArmRight_split/base_ac_arm_right.spriteSheetLib
Assets/Sprites/SpriteLibraries/Esperanza/Gear/GearArmLeft_split/base_ac_arm_left.spriteSheetLib
Assets/Sprites/SpriteLibraries/Esperanza/Gear/GearTorso_split/base_ac_torso.spriteSheetLib",D:\localDev\Unity\Esperanza\MyProjectContent\GearBase_ac_Chest,Packages/com.skaraman.myprojectcontent/GearBase_ac_Chest,430c0b62488701a79b011dbf6b31da1524571a26,"sprite_library: Assets/Sprites/SpriteLibraries/Esperanza/Gear/GearArmRight_split/base_ac_arm_right.spriteSheetLib -> Sprites/SpriteLibraries/Esperanza/Gear/GearArmRight_split
sprite_library: Assets/Sprites/SpriteLibraries/Esperanza/Gear/GearArmLeft_split/base_ac_arm_left.spriteSheetLib -> Sprites/SpriteLibraries/Esperanza/Gear/GearArmLeft_split
sprite_library: Assets/Sprites/SpriteLibraries/Esperanza/Gear/GearTorso_split/base_ac_torso.spriteSheetLib -> Sprites/SpriteLibraries/Esperanza/Gear/GearTorso_split","External pack exists: True
Unity package asset root: Packages/com.skaraman.myprojectcontent/GearBase_ac_Chest
Addressable group: SpriteTextures__GearBase_ac_Chest
Manifest found: ContentPackManifest.json
Exported from: MyProject
Owned roots: 3
Gear id: Base_ac
Gear leaf: Chest"
Gear,GearBase_ac_Feet,Mapped,"Assets/Sprites/SpriteLibraries/Esperanza/Gear/GearFootLeft_split/base_ac_foot_left.spriteSheetLib
Assets/Sprites/SpriteLibraries/Esperanza/Gear/GearCalfLeft_split/base_ac_calf_left.spriteSheetLib
Assets/Sprites/SpriteLibraries/Esperanza/Gear/GearFootRight_split/base_ac_foot_right.spriteSheetLib
Assets/Sprites/SpriteLibraries/Esperanza/Gear/GearCalfRight_split/base_ac_calf_right.spriteSheetLib",D:\localDev\Unity\Esperanza\MyProjectContent\GearBase_ac_Feet,Packages/com.skaraman.myprojectcontent/GearBase_ac_Feet,430c0b62488701a79b011dbf6b31da1524571a26,"sprite_library: Assets/Sprites/SpriteLibraries/Esperanza/Gear/GearFootLeft_split/base_ac_foot_left.spriteSheetLib -> Sprites/SpriteLibraries/Esperanza/Gear/GearFootLeft_split
sprite_library: Assets/Sprites/SpriteLibraries/Esperanza/Gear/GearCalfLeft_split/base_ac_calf_left.spriteSheetLib -> Sprites/SpriteLibraries/Esperanza/Gear/GearCalfLeft_split
sprite_library: Assets/Sprites/SpriteLibraries/Esperanza/Gear/GearFootRight_split/base_ac_foot_right.spriteSheetLib -> Sprites/SpriteLibraries/Esperanza/Gear/GearFootRight_split
sprite_library: Assets/Sprites/SpriteLibraries/Esperanza/Gear/GearCalfRight_split/base_ac_calf_right.spriteSheetLib -> Sprites/SpriteLibraries/Esperanza/Gear/GearCalfRight_split","External pack exists: True
Unity package asset root: Packages/com.skaraman.myprojectcontent/GearBase_ac_Feet
Addressable group: SpriteTextures__GearBase_ac_Feet
Manifest found: ContentPackManifest.json
Exported from: MyProject
Owned roots: 4
Gear id: Base_ac
Gear leaf: Feet"
Gear,GearBase_ac_Legs,Mapped,"Assets/Sprites/SpriteLibraries/Esperanza/Gear/GearThighRight_split/base_ac_thigh_right.spriteSheetLib
Assets/Sprites/SpriteLibraries/Esperanza/Gear/GearThighLeft_split/base_ac_thigh_left.spriteSheetLib
Assets/Sprites/SpriteLibraries/Esperanza/Gear/GearPelvis_split/base_ac_pelvis.spriteSheetLib",D:\localDev\Unity\Esperanza\MyProjectContent\GearBase_ac_Legs,Packages/com.skaraman.myprojectcontent/GearBase_ac_Legs,430c0b62488701a79b011dbf6b31da1524571a26,"sprite_library: Assets/Sprites/SpriteLibraries/Esperanza/Gear/GearThighRight_split/base_ac_thigh_right.spriteSheetLib -> Sprites/SpriteLibraries/Esperanza/Gear/GearThighRight_split
sprite_library: Assets/Sprites/SpriteLibraries/Esperanza/Gear/GearThighLeft_split/base_ac_thigh_left.spriteSheetLib -> Sprites/SpriteLibraries/Esperanza/Gear/GearThighLeft_split
sprite_library: Assets/Sprites/SpriteLibraries/Esperanza/Gear/GearPelvis_split/base_ac_pelvis.spriteSheetLib -> Sprites/SpriteLibraries/Esperanza/Gear/GearPelvis_split","External pack exists: True
Unity package asset root: Packages/com.skaraman.myprojectcontent/GearBase_ac_Legs
Addressable group: SpriteTextures__GearBase_ac_Legs
Manifest found: ContentPackManifest.json
Exported from: MyProject
Owned roots: 3
Gear id: Base_ac
Gear leaf: Legs"
Gear,GearBase_ad_Arms,Mapped,"Assets/Sprites/SpriteLibraries/Esperanza/Gear/GearForearmLeft_split/base_ad_forearm_left.spriteSheetLib
Assets/Sprites/SpriteLibraries/Esperanza/Gear/GearForearmRight_split/base_ad_forearm_right.spriteSheetLib",D:\localDev\Unity\Esperanza\MyProjectContent\GearBase_ad_Arms,Packages/com.skaraman.myprojectcontent/GearBase_ad_Arms,430c0b62488701a79b011dbf6b31da1524571a26,"sprite_library: Assets/Sprites/SpriteLibraries/Esperanza/Gear/GearForearmLeft_split/base_ad_forearm_left.spriteSheetLib -> Sprites/SpriteLibraries/Esperanza/Gear/GearForearmLeft_split
sprite_library: Assets/Sprites/SpriteLibraries/Esperanza/Gear/GearForearmRight_split/base_ad_forearm_right.spriteSheetLib -> Sprites/SpriteLibraries/Esperanza/Gear/GearForearmRight_split","External pack exists: True
Unity package asset root: Packages/com.skaraman.myprojectcontent/GearBase_ad_Arms
Addressable group: SpriteTextures__GearBase_ad_Arms
Manifest found: ContentPackManifest.json
Exported from: MyProject
Owned roots: 2
Gear id: Base_ad
Gear leaf: Arms"
Gear,GearBase_ad_Belt,Mapped,Assets/Sprites/SpriteLibraries/Esperanza/Gear/GearBelt_split/base_ad_belt.spriteSheetLib,D:\localDev\Unity\Esperanza\MyProjectContent\GearBase_ad_Belt,Packages/com.skaraman.myprojectcontent/GearBase_ad_Belt,430c0b62488701a79b011dbf6b31da1524571a26,sprite_library: Assets/Sprites/SpriteLibraries/Esperanza/Gear/GearBelt_split/base_ad_belt.spriteSheetLib -> Sprites/SpriteLibraries/Esperanza/Gear/GearBelt_split,"External pack exists: True
Unity package asset root: Packages/com.skaraman.myprojectcontent/GearBase_ad_Belt
Addressable group: SpriteTextures__GearBase_ad_Belt
Manifest found: ContentPackManifest.json
Exported from: MyProject
Owned roots: 1
Gear id: Base_ad
Gear leaf: Belt"
Gear,GearBase_ad_Chest,Mapped,"Assets/Sprites/SpriteLibraries/Esperanza/Gear/GearArmRight_split/base_ad_arm_right.spriteSheetLib
Assets/Sprites/SpriteLibraries/Esperanza/Gear/GearArmLeft_split/base_ad_arm_left.spriteSheetLib
Assets/Sprites/SpriteLibraries/Esperanza/Gear/GearTorso_split/base_ad_torso.spriteSheetLib",D:\localDev\Unity\Esperanza\MyProjectContent\GearBase_ad_Chest,Packages/com.skaraman.myprojectcontent/GearBase_ad_Chest,430c0b62488701a79b011dbf6b31da1524571a26,"sprite_library: Assets/Sprites/SpriteLibraries/Esperanza/Gear/GearArmRight_split/base_ad_arm_right.spriteSheetLib -> Sprites/SpriteLibraries/Esperanza/Gear/GearArmRight_split
sprite_library: Assets/Sprites/SpriteLibraries/Esperanza/Gear/GearArmLeft_split/base_ad_arm_left.spriteSheetLib -> Sprites/SpriteLibraries/Esperanza/Gear/GearArmLeft_split
sprite_library: Assets/Sprites/SpriteLibraries/Esperanza/Gear/GearTorso_split/base_ad_torso.spriteSheetLib -> Sprites/SpriteLibraries/Esperanza/Gear/GearTorso_split","External pack exists: True
Unity package asset root: Packages/com.skaraman.myprojectcontent/GearBase_ad_Chest
Addressable group: SpriteTextures__GearBase_ad_Chest
Manifest found: ContentPackManifest.json
Exported from: MyProject
Owned roots: 3
Gear id: Base_ad
Gear leaf: Chest"
Gear,GearBase_ad_Feet,Mapped,"Assets/Sprites/SpriteLibraries/Esperanza/Gear/GearFootLeft_split/base_ad_foot_left.spriteSheetLib
Assets/Sprites/SpriteLibraries/Esperanza/Gear/GearCalfLeft_split/base_ad_calf_left.spriteSheetLib
Assets/Sprites/SpriteLibraries/Esperanza/Gear/GearFootRight_split/base_ad_foot_right.spriteSheetLib
Assets/Sprites/SpriteLibraries/Esperanza/Gear/GearCalfRight_split/base_ad_calf_right.spriteSheetLib",D:\localDev\Unity\Esperanza\MyProjectContent\GearBase_ad_Feet,Packages/com.skaraman.myprojectcontent/GearBase_ad_Feet,430c0b62488701a79b011dbf6b31da1524571a26,"sprite_library: Assets/Sprites/SpriteLibraries/Esperanza/Gear/GearFootLeft_split/base_ad_foot_left.spriteSheetLib -> Sprites/SpriteLibraries/Esperanza/Gear/GearFootLeft_split
sprite_library: Assets/Sprites/SpriteLibraries/Esperanza/Gear/GearCalfLeft_split/base_ad_calf_left.spriteSheetLib -> Sprites/SpriteLibraries/Esperanza/Gear/GearCalfLeft_split
sprite_library: Assets/Sprites/SpriteLibraries/Esperanza/Gear/GearFootRight_split/base_ad_foot_right.spriteSheetLib -> Sprites/SpriteLibraries/Esperanza/Gear/GearFootRight_split
sprite_library: Assets/Sprites/SpriteLibraries/Esperanza/Gear/GearCalfRight_split/base_ad_calf_right.spriteSheetLib -> Sprites/SpriteLibraries/Esperanza/Gear/GearCalfRight_split","External pack exists: True
Unity package asset root: Packages/com.skaraman.myprojectcontent/GearBase_ad_Feet
Addressable group: SpriteTextures__GearBase_ad_Feet
Manifest found: ContentPackManifest.json
Exported from: MyProject
Owned roots: 4
Gear id: Base_ad
Gear leaf: Feet"
Gear,GearBase_ad_Head,Mapped,"Assets/Sprites/SpriteLibraries/Esperanza/Gear/GearHead_split/base_ad_head.spriteSheetLib
Assets/Sprites/SpriteLibraries/Esperanza/Gear/GearNeck_split/base_ad_neck.spriteSheetLib",D:\localDev\Unity\Esperanza\MyProjectContent\GearBase_ad_Head,Packages/com.skaraman.myprojectcontent/GearBase_ad_Head,430c0b62488701a79b011dbf6b31da1524571a26,"sprite_library: Assets/Sprites/SpriteLibraries/Esperanza/Gear/GearHead_split/base_ad_head.spriteSheetLib -> Sprites/SpriteLibraries/Esperanza/Gear/GearHead_split
sprite_library: Assets/Sprites/SpriteLibraries/Esperanza/Gear/GearNeck_split/base_ad_neck.spriteSheetLib -> Sprites/SpriteLibraries/Esperanza/Gear/GearNeck_split","External pack exists: True
Unity package asset root: Packages/com.skaraman.myprojectcontent/GearBase_ad_Head
Addressable group: SpriteTextures__GearBase_ad_Head
Manifest found: ContentPackManifest.json
Exported from: MyProject
Owned roots: 2
Gear id: Base_ad
Gear leaf: Head"
Gear,GearBase_ad_Legs,Mapped,Assets/Sprites/SpriteLibraries/Esperanza/Gear/GearPelvis_split/base_ad_pelvis.spriteSheetLib,D:\localDev\Unity\Esperanza\MyProjectContent\GearBase_ad_Legs,Packages/com.skaraman.myprojectcontent/GearBase_ad_Legs,430c0b62488701a79b011dbf6b31da1524571a26,sprite_library: Assets/Sprites/SpriteLibraries/Esperanza/Gear/GearPelvis_split/base_ad_pelvis.spriteSheetLib -> Sprites/SpriteLibraries/Esperanza/Gear/GearPelvis_split,"External pack exists: True
Unity package asset root: Packages/com.skaraman.myprojectcontent/GearBase_ad_Legs
Addressable group: SpriteTextures__GearBase_ad_Legs
Manifest found: ContentPackManifest.json
Exported from: MyProject
Owned roots: 1
Gear id: Base_ad
Gear leaf: Legs"
Gear,GearBolt_aa_Chest,Mapped,Assets/Sprites/SpriteLibraries/Esperanza/Gear/GearTorso_split/bolt_aa_torso.spriteSheetLib,D:\localDev\Unity\Esperanza\MyProjectContent\GearBolt_aa_Chest,Packages/com.skaraman.myprojectcontent/GearBolt_aa_Chest,430c0b62488701a79b011dbf6b31da1524571a26,sprite_library: Assets/Sprites/SpriteLibraries/Esperanza/Gear/GearTorso_split/bolt_aa_torso.spriteSheetLib -> Sprites/SpriteLibraries/Esperanza/Gear/GearTorso_split,"External pack exists: True
Unity package asset root: Packages/com.skaraman.myprojectcontent/GearBolt_aa_Chest
Addressable group: SpriteTextures__GearBolt_aa_Chest
Manifest found: ContentPackManifest.json
Exported from: MyProject
Owned roots: 1
Gear id: Bolt_aa
Gear leaf: Chest"
Gear,GearBolt_aa_Feet,Mapped,"Assets/Sprites/SpriteLibraries/Esperanza/Gear/GearFootLeft_split/bolt_aa_foot_left.spriteSheetLib
Assets/Sprites/SpriteLibraries/Esperanza/Gear/GearCalfLeft_split/bolt_aa_calf_left.spriteSheetLib
Assets/Sprites/SpriteLibraries/Esperanza/Gear/GearFootRight_split/bolt_aa_foot_right.spriteSheetLib
Assets/Sprites/SpriteLibraries/Esperanza/Gear/GearCalfRight_split/bolt_aa_calf_right.spriteSheetLib",D:\localDev\Unity\Esperanza\MyProjectContent\GearBolt_aa_Feet,Packages/com.skaraman.myprojectcontent/GearBolt_aa_Feet,430c0b62488701a79b011dbf6b31da1524571a26,"sprite_library: Assets/Sprites/SpriteLibraries/Esperanza/Gear/GearFootLeft_split/bolt_aa_foot_left.spriteSheetLib -> Sprites/SpriteLibraries/Esperanza/Gear/GearFootLeft_split
sprite_library: Assets/Sprites/SpriteLibraries/Esperanza/Gear/GearCalfLeft_split/bolt_aa_calf_left.spriteSheetLib -> Sprites/SpriteLibraries/Esperanza/Gear/GearCalfLeft_split
sprite_library: Assets/Sprites/SpriteLibraries/Esperanza/Gear/GearFootRight_split/bolt_aa_foot_right.spriteSheetLib -> Sprites/SpriteLibraries/Esperanza/Gear/GearFootRight_split
sprite_library: Assets/Sprites/SpriteLibraries/Esperanza/Gear/GearCalfRight_split/bolt_aa_calf_right.spriteSheetLib -> Sprites/SpriteLibraries/Esperanza/Gear/GearCalfRight_split","External pack exists: True
Unity package asset root: Packages/com.skaraman.myprojectcontent/GearBolt_aa_Feet
Addressable group: SpriteTextures__GearBolt_aa_Feet
Manifest found: ContentPackManifest.json
Exported from: MyProject
Owned roots: 4
Gear id: Bolt_aa
Gear leaf: Feet"
Gear,GearBolt_aa_Legs,Mapped,"Assets/Sprites/SpriteLibraries/Esperanza/Gear/GearThighRight_split/bolt_aa_thigh_right.spriteSheetLib
Assets/Sprites/SpriteLibraries/Esperanza/Gear/GearThighLeft_split/bolt_aa_thigh_left.spriteSheetLib
Assets/Sprites/SpriteLibraries/Esperanza/Gear/GearPelvis_split/bolt_aa_pelvis.spriteSheetLib",D:\localDev\Unity\Esperanza\MyProjectContent\GearBolt_aa_Legs,Packages/com.skaraman.myprojectcontent/GearBolt_aa_Legs,430c0b62488701a79b011dbf6b31da1524571a26,"sprite_library: Assets/Sprites/SpriteLibraries/Esperanza/Gear/GearThighRight_split/bolt_aa_thigh_right.spriteSheetLib -> Sprites/SpriteLibraries/Esperanza/Gear/GearThighRight_split
sprite_library: Assets/Sprites/SpriteLibraries/Esperanza/Gear/GearThighLeft_split/bolt_aa_thigh_left.spriteSheetLib -> Sprites/SpriteLibraries/Esperanza/Gear/GearThighLeft_split
sprite_library: Assets/Sprites/SpriteLibraries/Esperanza/Gear/GearPelvis_split/bolt_aa_pelvis.spriteSheetLib -> Sprites/SpriteLibraries/Esperanza/Gear/GearPelvis_split","External pack exists: True
Unity package asset root: Packages/com.skaraman.myprojectcontent/GearBolt_aa_Legs
Addressable group: SpriteTextures__GearBolt_aa_Legs
Manifest found: ContentPackManifest.json
Exported from: MyProject
Owned roots: 3
Gear id: Bolt_aa
Gear leaf: Legs"
Gear,GearBolt_ab_Arms,Mapped,"Assets/Sprites/SpriteLibraries/Esperanza/Gear/GearForearmLeft_split/bolt_ab_forearm_left.spriteSheetLib
Assets/Sprites/SpriteLibraries/Esperanza/Gear/GearForearmRight_split/bolt_ab_forearm_right.spriteSheetLib",D:\localDev\Unity\Esperanza\MyProjectContent\GearBolt_ab_Arms,Packages/com.skaraman.myprojectcontent/GearBolt_ab_Arms,430c0b62488701a79b011dbf6b31da1524571a26,"sprite_library: Assets/Sprites/SpriteLibraries/Esperanza/Gear/GearForearmLeft_split/bolt_ab_forearm_left.spriteSheetLib -> Sprites/SpriteLibraries/Esperanza/Gear/GearForearmLeft_split
sprite_library: Assets/Sprites/SpriteLibraries/Esperanza/Gear/GearForearmRight_split/bolt_ab_forearm_right.spriteSheetLib -> Sprites/SpriteLibraries/Esperanza/Gear/GearForearmRight_split","External pack exists: True
Unity package asset root: Packages/com.skaraman.myprojectcontent/GearBolt_ab_Arms
Addressable group: SpriteTextures__GearBolt_ab_Arms
Manifest found: ContentPackManifest.json
Exported from: MyProject
Owned roots: 2
Gear id: Bolt_ab
Gear leaf: Arms"
Gear,GearBolt_ab_Belt,Mapped,Assets/Sprites/SpriteLibraries/Esperanza/Gear/GearBelt_split/bolt_ab_belt.spriteSheetLib,D:\localDev\Unity\Esperanza\MyProjectContent\GearBolt_ab_Belt,Packages/com.skaraman.myprojectcontent/GearBolt_ab_Belt,430c0b62488701a79b011dbf6b31da1524571a26,sprite_library: Assets/Sprites/SpriteLibraries/Esperanza/Gear/GearBelt_split/bolt_ab_belt.spriteSheetLib -> Sprites/SpriteLibraries/Esperanza/Gear/GearBelt_split,"External pack exists: True
Unity package asset root: Packages/com.skaraman.myprojectcontent/GearBolt_ab_Belt
Addressable group: SpriteTextures__GearBolt_ab_Belt
Manifest found: ContentPackManifest.json
Exported from: MyProject
Owned roots: 1
Gear id: Bolt_ab
Gear leaf: Belt"
Gear,GearBolt_ab_Chest,Mapped,Assets/Sprites/SpriteLibraries/Esperanza/Gear/GearTorso_split/bolt_ab_torso.spriteSheetLib,D:\localDev\Unity\Esperanza\MyProjectContent\GearBolt_ab_Chest,Packages/com.skaraman.myprojectcontent/GearBolt_ab_Chest,430c0b62488701a79b011dbf6b31da1524571a26,sprite_library: Assets/Sprites/SpriteLibraries/Esperanza/Gear/GearTorso_split/bolt_ab_torso.spriteSheetLib -> Sprites/SpriteLibraries/Esperanza/Gear/GearTorso_split,"External pack exists: True
Unity package asset root: Packages/com.skaraman.myprojectcontent/GearBolt_ab_Chest
Addressable group: SpriteTextures__GearBolt_ab_Chest
Manifest found: ContentPackManifest.json
Exported from: MyProject
Owned roots: 1
Gear id: Bolt_ab
Gear leaf: Chest"
Gear,GearBolt_ab_Feet,Mapped,"Assets/Sprites/SpriteLibraries/Esperanza/Gear/GearFootLeft_split/bolt_ab_foot_left.spriteSheetLib
Assets/Sprites/SpriteLibraries/Esperanza/Gear/GearCalfLeft_split/bolt_ab_calf_left.spriteSheetLib
Assets/Sprites/SpriteLibraries/Esperanza/Gear/GearFootRight_split/bolt_ab_foot_right.spriteSheetLib
Assets/Sprites/SpriteLibraries/Esperanza/Gear/GearCalfRight_split/bolt_ab_calf_right.spriteSheetLib",D:\localDev\Unity\Esperanza\MyProjectContent\GearBolt_ab_Feet,Packages/com.skaraman.myprojectcontent/GearBolt_ab_Feet,430c0b62488701a79b011dbf6b31da1524571a26,"sprite_library: Assets/Sprites/SpriteLibraries/Esperanza/Gear/GearFootLeft_split/bolt_ab_foot_left.spriteSheetLib -> Sprites/SpriteLibraries/Esperanza/Gear/GearFootLeft_split
sprite_library: Assets/Sprites/SpriteLibraries/Esperanza/Gear/GearCalfLeft_split/bolt_ab_calf_left.spriteSheetLib -> Sprites/SpriteLibraries/Esperanza/Gear/GearCalfLeft_split
sprite_library: Assets/Sprites/SpriteLibraries/Esperanza/Gear/GearFootRight_split/bolt_ab_foot_right.spriteSheetLib -> Sprites/SpriteLibraries/Esperanza/Gear/GearFootRight_split
sprite_library: Assets/Sprites/SpriteLibraries/Esperanza/Gear/GearCalfRight_split/bolt_ab_calf_right.spriteSheetLib -> Sprites/SpriteLibraries/Esperanza/Gear/GearCalfRight_split","External pack exists: True
Unity package asset root: Packages/com.skaraman.myprojectcontent/GearBolt_ab_Feet
Addressable group: SpriteTextures__GearBolt_ab_Feet
Manifest found: ContentPackManifest.json
Exported from: MyProject
Owned roots: 4
Gear id: Bolt_ab
Gear leaf: Feet"
Gear,GearBolt_ab_Head,Mapped,Assets/Sprites/SpriteLibraries/Esperanza/Gear/GearHead_split/bolt_ab_head.spriteSheetLib,D:\localDev\Unity\Esperanza\MyProjectContent\GearBolt_ab_Head,Packages/com.skaraman.myprojectcontent/GearBolt_ab_Head,430c0b62488701a79b011dbf6b31da1524571a26,sprite_library: Assets/Sprites/SpriteLibraries/Esperanza/Gear/GearHead_split/bolt_ab_head.spriteSheetLib -> Sprites/SpriteLibraries/Esperanza/Gear/GearHead_split,"External pack exists: True
Unity package asset root: Packages/com.skaraman.myprojectcontent/GearBolt_ab_Head
Addressable group: SpriteTextures__GearBolt_ab_Head
Manifest found: ContentPackManifest.json
Exported from: MyProject
Owned roots: 1
Gear id: Bolt_ab
Gear leaf: Head"
Gear,GearBolt_ab_Legs,Mapped,"Assets/Sprites/SpriteLibraries/Esperanza/Gear/GearThighRight_split/bolt_ab_thigh_right.spriteSheetLib
Assets/Sprites/SpriteLibraries/Esperanza/Gear/GearThighLeft_split/bolt_ab_thigh_left.spriteSheetLib
Assets/Sprites/SpriteLibraries/Esperanza/Gear/GearPelvis_split/bolt_ab_pelvis.spriteSheetLib",D:\localDev\Unity\Esperanza\MyProjectContent\GearBolt_ab_Legs,Packages/com.skaraman.myprojectcontent/GearBolt_ab_Legs,430c0b62488701a79b011dbf6b31da1524571a26,"sprite_library: Assets/Sprites/SpriteLibraries/Esperanza/Gear/GearThighRight_split/bolt_ab_thigh_right.spriteSheetLib -> Sprites/SpriteLibraries/Esperanza/Gear/GearThighRight_split
sprite_library: Assets/Sprites/SpriteLibraries/Esperanza/Gear/GearThighLeft_split/bolt_ab_thigh_left.spriteSheetLib -> Sprites/SpriteLibraries/Esperanza/Gear/GearThighLeft_split
sprite_library: Assets/Sprites/SpriteLibraries/Esperanza/Gear/GearPelvis_split/bolt_ab_pelvis.spriteSheetLib -> Sprites/SpriteLibraries/Esperanza/Gear/GearPelvis_split","External pack exists: True
Unity package asset root: Packages/com.skaraman.myprojectcontent/GearBolt_ab_Legs
Addressable group: SpriteTextures__GearBolt_ab_Legs
Manifest found: ContentPackManifest.json
Exported from: MyProject
Owned roots: 3
Gear id: Bolt_ab
Gear leaf: Legs"
Gear,GearBolt_ab_Shoulders,Mapped,"Assets/Sprites/SpriteLibraries/Esperanza/Gear/GearShoulderLeft_split/bolt_ab_shoulder_left.spriteSheetLib
Assets/Sprites/SpriteLibraries/Esperanza/Gear/GearShoulderRight_split/bolt_ab_shoulder_right.spriteSheetLib",D:\localDev\Unity\Esperanza\MyProjectContent\GearBolt_ab_Shoulders,Packages/com.skaraman.myprojectcontent/GearBolt_ab_Shoulders,430c0b62488701a79b011dbf6b31da1524571a26,"sprite_library: Assets/Sprites/SpriteLibraries/Esperanza/Gear/GearShoulderLeft_split/bolt_ab_shoulder_left.spriteSheetLib -> Sprites/SpriteLibraries/Esperanza/Gear/GearShoulderLeft_split
sprite_library: Assets/Sprites/SpriteLibraries/Esperanza/Gear/GearShoulderRight_split/bolt_ab_shoulder_right.spriteSheetLib -> Sprites/SpriteLibraries/Esperanza/Gear/GearShoulderRight_split","External pack exists: True
Unity package asset root: Packages/com.skaraman.myprojectcontent/GearBolt_ab_Shoulders
Addressable group: SpriteTextures__GearBolt_ab_Shoulders
Manifest found: ContentPackManifest.json
Exported from: MyProject
Owned roots: 2
Gear id: Bolt_ab
Gear leaf: Shoulders"
Gear,GearBolt_ac_Arms,Mapped,"Assets/Sprites/SpriteLibraries/Esperanza/Gear/GearForearmLeft_split/bolt_ac_forearm_left.spriteSheetLib
Assets/Sprites/SpriteLibraries/Esperanza/Gear/GearForearmRight_split/bolt_ac_forearm_right.spriteSheetLib
Assets/Sprites/SpriteLibraries/Esperanza/Gear/GearHandLeft_split/bolt_ac_hand_left.spriteSheetLib
Assets/Sprites/SpriteLibraries/Esperanza/Gear/GearHandRight_split/bolt_ac_hand_right.spriteSheetLib",D:\localDev\Unity\Esperanza\MyProjectContent\GearBolt_ac_Arms,Packages/com.skaraman.myprojectcontent/GearBolt_ac_Arms,430c0b62488701a79b011dbf6b31da1524571a26,"sprite_library: Assets/Sprites/SpriteLibraries/Esperanza/Gear/GearForearmLeft_split/bolt_ac_forearm_left.spriteSheetLib -> Sprites/SpriteLibraries/Esperanza/Gear/GearForearmLeft_split
sprite_library: Assets/Sprites/SpriteLibraries/Esperanza/Gear/GearForearmRight_split/bolt_ac_forearm_right.spriteSheetLib -> Sprites/SpriteLibraries/Esperanza/Gear/GearForearmRight_split
sprite_library: Assets/Sprites/SpriteLibraries/Esperanza/Gear/GearHandLeft_split/bolt_ac_hand_left.spriteSheetLib -> Sprites/SpriteLibraries/Esperanza/Gear/GearHandLeft_split
sprite_library: Assets/Sprites/SpriteLibraries/Esperanza/Gear/GearHandRight_split/bolt_ac_hand_right.spriteSheetLib -> Sprites/SpriteLibraries/Esperanza/Gear/GearHandRight_split","External pack exists: True
Unity package asset root: Packages/com.skaraman.myprojectcontent/GearBolt_ac_Arms
Addressable group: SpriteTextures__GearBolt_ac_Arms
Manifest found: ContentPackManifest.json
Exported from: MyProject
Owned roots: 4
Gear id: Bolt_ac
Gear leaf: Arms"
Gear,GearBolt_ac_Chest,Mapped,"Assets/Sprites/SpriteLibraries/Esperanza/Gear/GearArmRight_split/bolt_ac_arm_right.spriteSheetLib
Assets/Sprites/SpriteLibraries/Esperanza/Gear/GearArmLeft_split/bolt_ac_arm_left.spriteSheetLib
Assets/Sprites/SpriteLibraries/Esperanza/Gear/GearTorso_split/bolt_ac_torso.spriteSheetLib",D:\localDev\Unity\Esperanza\MyProjectContent\GearBolt_ac_Chest,Packages/com.skaraman.myprojectcontent/GearBolt_ac_Chest,430c0b62488701a79b011dbf6b31da1524571a26,"sprite_library: Assets/Sprites/SpriteLibraries/Esperanza/Gear/GearArmRight_split/bolt_ac_arm_right.spriteSheetLib -> Sprites/SpriteLibraries/Esperanza/Gear/GearArmRight_split
sprite_library: Assets/Sprites/SpriteLibraries/Esperanza/Gear/GearArmLeft_split/bolt_ac_arm_left.spriteSheetLib -> Sprites/SpriteLibraries/Esperanza/Gear/GearArmLeft_split
sprite_library: Assets/Sprites/SpriteLibraries/Esperanza/Gear/GearTorso_split/bolt_ac_torso.spriteSheetLib -> Sprites/SpriteLibraries/Esperanza/Gear/GearTorso_split","External pack exists: True
Unity package asset root: Packages/com.skaraman.myprojectcontent/GearBolt_ac_Chest
Addressable group: SpriteTextures__GearBolt_ac_Chest
Manifest found: ContentPackManifest.json
Exported from: MyProject
Owned roots: 3
Gear id: Bolt_ac
Gear leaf: Chest"
Gear,GearBolt_ac_Feet,Mapped,"Assets/Sprites/SpriteLibraries/Esperanza/Gear/GearFootLeft_split/bolt_ac_foot_left.spriteSheetLib
Assets/Sprites/SpriteLibraries/Esperanza/Gear/GearCalfLeft_split/bolt_ac_calf_left.spriteSheetLib
Assets/Sprites/SpriteLibraries/Esperanza/Gear/GearFootRight_split/bolt_ac_foot_right.spriteSheetLib
Assets/Sprites/SpriteLibraries/Esperanza/Gear/GearCalfRight_split/bolt_ac_calf_right.spriteSheetLib",D:\localDev\Unity\Esperanza\MyProjectContent\GearBolt_ac_Feet,Packages/com.skaraman.myprojectcontent/GearBolt_ac_Feet,430c0b62488701a79b011dbf6b31da1524571a26,"sprite_library: Assets/Sprites/SpriteLibraries/Esperanza/Gear/GearFootLeft_split/bolt_ac_foot_left.spriteSheetLib -> Sprites/SpriteLibraries/Esperanza/Gear/GearFootLeft_split
sprite_library: Assets/Sprites/SpriteLibraries/Esperanza/Gear/GearCalfLeft_split/bolt_ac_calf_left.spriteSheetLib -> Sprites/SpriteLibraries/Esperanza/Gear/GearCalfLeft_split
sprite_library: Assets/Sprites/SpriteLibraries/Esperanza/Gear/GearFootRight_split/bolt_ac_foot_right.spriteSheetLib -> Sprites/SpriteLibraries/Esperanza/Gear/GearFootRight_split
sprite_library: Assets/Sprites/SpriteLibraries/Esperanza/Gear/GearCalfRight_split/bolt_ac_calf_right.spriteSheetLib -> Sprites/SpriteLibraries/Esperanza/Gear/GearCalfRight_split","External pack exists: True
Unity package asset root: Packages/com.skaraman.myprojectcontent/GearBolt_ac_Feet
Addressable group: SpriteTextures__GearBolt_ac_Feet
Manifest found: ContentPackManifest.json
Exported from: MyProject
Owned roots: 4
Gear id: Bolt_ac
Gear leaf: Feet"
Gear,GearBolt_ac_Head,Mapped,"Assets/Sprites/SpriteLibraries/Esperanza/Gear/GearHead_split/bolt_ac_head.spriteSheetLib
Assets/Sprites/SpriteLibraries/Esperanza/Gear/GearNeck_split/bolt_ac_neck.spriteSheetLib",D:\localDev\Unity\Esperanza\MyProjectContent\GearBolt_ac_Head,Packages/com.skaraman.myprojectcontent/GearBolt_ac_Head,430c0b62488701a79b011dbf6b31da1524571a26,"sprite_library: Assets/Sprites/SpriteLibraries/Esperanza/Gear/GearHead_split/bolt_ac_head.spriteSheetLib -> Sprites/SpriteLibraries/Esperanza/Gear/GearHead_split
sprite_library: Assets/Sprites/SpriteLibraries/Esperanza/Gear/GearNeck_split/bolt_ac_neck.spriteSheetLib -> Sprites/SpriteLibraries/Esperanza/Gear/GearNeck_split","External pack exists: True
Unity package asset root: Packages/com.skaraman.myprojectcontent/GearBolt_ac_Head
Addressable group: SpriteTextures__GearBolt_ac_Head
Manifest found: ContentPackManifest.json
Exported from: MyProject
Owned roots: 2
Gear id: Bolt_ac
Gear leaf: Head"
Gear,GearBolt_ac_Legs,Mapped,"Assets/Sprites/SpriteLibraries/Esperanza/Gear/GearThighRight_split/bolt_ac_thigh_right.spriteSheetLib
Assets/Sprites/SpriteLibraries/Esperanza/Gear/GearThighLeft_split/bolt_ac_thigh_left.spriteSheetLib
Assets/Sprites/SpriteLibraries/Esperanza/Gear/GearPelvis_split/bolt_ac_pelvis.spriteSheetLib",D:\localDev\Unity\Esperanza\MyProjectContent\GearBolt_ac_Legs,Packages/com.skaraman.myprojectcontent/GearBolt_ac_Legs,430c0b62488701a79b011dbf6b31da1524571a26,"sprite_library: Assets/Sprites/SpriteLibraries/Esperanza/Gear/GearThighRight_split/bolt_ac_thigh_right.spriteSheetLib -> Sprites/SpriteLibraries/Esperanza/Gear/GearThighRight_split
sprite_library: Assets/Sprites/SpriteLibraries/Esperanza/Gear/GearThighLeft_split/bolt_ac_thigh_left.spriteSheetLib -> Sprites/SpriteLibraries/Esperanza/Gear/GearThighLeft_split
sprite_library: Assets/Sprites/SpriteLibraries/Esperanza/Gear/GearPelvis_split/bolt_ac_pelvis.spriteSheetLib -> Sprites/SpriteLibraries/Esperanza/Gear/GearPelvis_split","External pack exists: True
Unity package asset root: Packages/com.skaraman.myprojectcontent/GearBolt_ac_Legs
Addressable group: SpriteTextures__GearBolt_ac_Legs
Manifest found: ContentPackManifest.json
Exported from: MyProject
Owned roots: 3
Gear id: Bolt_ac
Gear leaf: Legs"
Gear,GearBolt_ac_Shoulders,Mapped,"Assets/Sprites/SpriteLibraries/Esperanza/Gear/GearShoulderLeft_split/bolt_ac_shoulder_left.spriteSheetLib
Assets/Sprites/SpriteLibraries/Esperanza/Gear/GearShoulderRight_split/bolt_ac_shoulder_right.spriteSheetLib",D:\localDev\Unity\Esperanza\MyProjectContent\GearBolt_ac_Shoulders,Packages/com.skaraman.myprojectcontent/GearBolt_ac_Shoulders,430c0b62488701a79b011dbf6b31da1524571a26,"sprite_library: Assets/Sprites/SpriteLibraries/Esperanza/Gear/GearShoulderLeft_split/bolt_ac_shoulder_left.spriteSheetLib -> Sprites/SpriteLibraries/Esperanza/Gear/GearShoulderLeft_split
sprite_library: Assets/Sprites/SpriteLibraries/Esperanza/Gear/GearShoulderRight_split/bolt_ac_shoulder_right.spriteSheetLib -> Sprites/SpriteLibraries/Esperanza/Gear/GearShoulderRight_split","External pack exists: True
Unity package asset root: Packages/com.skaraman.myprojectcontent/GearBolt_ac_Shoulders
Addressable group: SpriteTextures__GearBolt_ac_Shoulders
Manifest found: ContentPackManifest.json
Exported from: MyProject
Owned roots: 2
Gear id: Bolt_ac
Gear leaf: Shoulders"
Gear,GearCold_aa_Chest,Mapped,"Assets/Sprites/SpriteLibraries/Esperanza/Gear/GearArmRight_split/cold_aa_arm_right.spriteSheetLib
Assets/Sprites/SpriteLibraries/Esperanza/Gear/GearArmLeft_split/cold_aa_arm_left.spriteSheetLib
Assets/Sprites/SpriteLibraries/Esperanza/Gear/GearTorso_split/cold_aa_torso.spriteSheetLib",D:\localDev\Unity\Esperanza\MyProjectContent\GearCold_aa_Chest,Packages/com.skaraman.myprojectcontent/GearCold_aa_Chest,430c0b62488701a79b011dbf6b31da1524571a26,"sprite_library: Assets/Sprites/SpriteLibraries/Esperanza/Gear/GearArmRight_split/cold_aa_arm_right.spriteSheetLib -> Sprites/SpriteLibraries/Esperanza/Gear/GearArmRight_split
sprite_library: Assets/Sprites/SpriteLibraries/Esperanza/Gear/GearArmLeft_split/cold_aa_arm_left.spriteSheetLib -> Sprites/SpriteLibraries/Esperanza/Gear/GearArmLeft_split
sprite_library: Assets/Sprites/SpriteLibraries/Esperanza/Gear/GearTorso_split/cold_aa_torso.spriteSheetLib -> Sprites/SpriteLibraries/Esperanza/Gear/GearTorso_split","External pack exists: True
Unity package asset root: Packages/com.skaraman.myprojectcontent/GearCold_aa_Chest
Addressable group: SpriteTextures__GearCold_aa_Chest
Manifest found: ContentPackManifest.json
Exported from: MyProject
Owned roots: 3
Gear id: Cold_aa
Gear leaf: Chest"
Gear,GearCold_aa_Feet,Mapped,"Assets/Sprites/SpriteLibraries/Esperanza/Gear/GearFootLeft_split/cold_aa_foot_left.spriteSheetLib
Assets/Sprites/SpriteLibraries/Esperanza/Gear/GearCalfLeft_split/cold_aa_calf_left.spriteSheetLib
Assets/Sprites/SpriteLibraries/Esperanza/Gear/GearFootRight_split/cold_aa_foot_right.spriteSheetLib
Assets/Sprites/SpriteLibraries/Esperanza/Gear/GearCalfRight_split/cold_aa_calf_right.spriteSheetLib",D:\localDev\Unity\Esperanza\MyProjectContent\GearCold_aa_Feet,Packages/com.skaraman.myprojectcontent/GearCold_aa_Feet,430c0b62488701a79b011dbf6b31da1524571a26,"sprite_library: Assets/Sprites/SpriteLibraries/Esperanza/Gear/GearFootLeft_split/cold_aa_foot_left.spriteSheetLib -> Sprites/SpriteLibraries/Esperanza/Gear/GearFootLeft_split
sprite_library: Assets/Sprites/SpriteLibraries/Esperanza/Gear/GearCalfLeft_split/cold_aa_calf_left.spriteSheetLib -> Sprites/SpriteLibraries/Esperanza/Gear/GearCalfLeft_split
sprite_library: Assets/Sprites/SpriteLibraries/Esperanza/Gear/GearFootRight_split/cold_aa_foot_right.spriteSheetLib -> Sprites/SpriteLibraries/Esperanza/Gear/GearFootRight_split
sprite_library: Assets/Sprites/SpriteLibraries/Esperanza/Gear/GearCalfRight_split/cold_aa_calf_right.spriteSheetLib -> Sprites/SpriteLibraries/Esperanza/Gear/GearCalfRight_split","External pack exists: True
Unity package asset root: Packages/com.skaraman.myprojectcontent/GearCold_aa_Feet
Addressable group: SpriteTextures__GearCold_aa_Feet
Manifest found: ContentPackManifest.json
Exported from: MyProject
Owned roots: 4
Gear id: Cold_aa
Gear leaf: Feet"
Gear,GearCold_aa_Legs,Mapped,"Assets/Sprites/SpriteLibraries/Esperanza/Gear/GearThighRight_split/cold_aa_thigh_right.spriteSheetLib
Assets/Sprites/SpriteLibraries/Esperanza/Gear/GearThighLeft_split/cold_aa_thigh_left.spriteSheetLib
Assets/Sprites/SpriteLibraries/Esperanza/Gear/GearPelvis_split/cold_aa_pelvis.spriteSheetLib",D:\localDev\Unity\Esperanza\MyProjectContent\GearCold_aa_Legs,Packages/com.skaraman.myprojectcontent/GearCold_aa_Legs,430c0b62488701a79b011dbf6b31da1524571a26,"sprite_library: Assets/Sprites/SpriteLibraries/Esperanza/Gear/GearThighRight_split/cold_aa_thigh_right.spriteSheetLib -> Sprites/SpriteLibraries/Esperanza/Gear/GearThighRight_split
sprite_library: Assets/Sprites/SpriteLibraries/Esperanza/Gear/GearThighLeft_split/cold_aa_thigh_left.spriteSheetLib -> Sprites/SpriteLibraries/Esperanza/Gear/GearThighLeft_split
sprite_library: Assets/Sprites/SpriteLibraries/Esperanza/Gear/GearPelvis_split/cold_aa_pelvis.spriteSheetLib -> Sprites/SpriteLibraries/Esperanza/Gear/GearPelvis_split","External pack exists: True
Unity package asset root: Packages/com.skaraman.myprojectcontent/GearCold_aa_Legs
Addressable group: SpriteTextures__GearCold_aa_Legs
Manifest found: ContentPackManifest.json
Exported from: MyProject
Owned roots: 3
Gear id: Cold_aa
Gear leaf: Legs"
Gear,GearCold_ab_Arms,Mapped,"Assets/Sprites/SpriteLibraries/Esperanza/Gear/GearForearmLeft_split/cold_ab_forearm_left.spriteSheetLib
Assets/Sprites/SpriteLibraries/Esperanza/Gear/GearForearmRight_split/cold_ab_forearm_right.spriteSheetLib",D:\localDev\Unity\Esperanza\MyProjectContent\GearCold_ab_Arms,Packages/com.skaraman.myprojectcontent/GearCold_ab_Arms,430c0b62488701a79b011dbf6b31da1524571a26,"sprite_library: Assets/Sprites/SpriteLibraries/Esperanza/Gear/GearForearmLeft_split/cold_ab_forearm_left.spriteSheetLib -> Sprites/SpriteLibraries/Esperanza/Gear/GearForearmLeft_split
sprite_library: Assets/Sprites/SpriteLibraries/Esperanza/Gear/GearForearmRight_split/cold_ab_forearm_right.spriteSheetLib -> Sprites/SpriteLibraries/Esperanza/Gear/GearForearmRight_split","External pack exists: True
Unity package asset root: Packages/com.skaraman.myprojectcontent/GearCold_ab_Arms
Addressable group: SpriteTextures__GearCold_ab_Arms
Manifest found: ContentPackManifest.json
Exported from: MyProject
Owned roots: 2
Gear id: Cold_ab
Gear leaf: Arms"
Gear,GearCold_ab_Belt,Mapped,Assets/Sprites/SpriteLibraries/Esperanza/Gear/GearBelt_split/cold_ab_belt.spriteSheetLib,D:\localDev\Unity\Esperanza\MyProjectContent\GearCold_ab_Belt,Packages/com.skaraman.myprojectcontent/GearCold_ab_Belt,430c0b62488701a79b011dbf6b31da1524571a26,sprite_library: Assets/Sprites/SpriteLibraries/Esperanza/Gear/GearBelt_split/cold_ab_belt.spriteSheetLib -> Sprites/SpriteLibraries/Esperanza/Gear/GearBelt_split,"External pack exists: True
Unity package asset root: Packages/com.skaraman.myprojectcontent/GearCold_ab_Belt
Addressable group: SpriteTextures__GearCold_ab_Belt
Manifest found: ContentPackManifest.json
Exported from: MyProject
Owned roots: 1
Gear id: Cold_ab
Gear leaf: Belt"
Gear,GearCold_ab_Chest,Mapped,"Assets/Sprites/SpriteLibraries/Esperanza/Gear/GearArmRight_split/cold_ab_arm_right.spriteSheetLib
Assets/Sprites/SpriteLibraries/Esperanza/Gear/GearArmLeft_split/cold_ab_arm_left.spriteSheetLib
Assets/Sprites/SpriteLibraries/Esperanza/Gear/GearTorso_split/cold_ab_torso.spriteSheetLib",D:\localDev\Unity\Esperanza\MyProjectContent\GearCold_ab_Chest,Packages/com.skaraman.myprojectcontent/GearCold_ab_Chest,430c0b62488701a79b011dbf6b31da1524571a26,"sprite_library: Assets/Sprites/SpriteLibraries/Esperanza/Gear/GearArmRight_split/cold_ab_arm_right.spriteSheetLib -> Sprites/SpriteLibraries/Esperanza/Gear/GearArmRight_split
sprite_library: Assets/Sprites/SpriteLibraries/Esperanza/Gear/GearArmLeft_split/cold_ab_arm_left.spriteSheetLib -> Sprites/SpriteLibraries/Esperanza/Gear/GearArmLeft_split
sprite_library: Assets/Sprites/SpriteLibraries/Esperanza/Gear/GearTorso_split/cold_ab_torso.spriteSheetLib -> Sprites/SpriteLibraries/Esperanza/Gear/GearTorso_split","External pack exists: True
Unity package asset root: Packages/com.skaraman.myprojectcontent/GearCold_ab_Chest
Addressable group: SpriteTextures__GearCold_ab_Chest
Manifest found: ContentPackManifest.json
Exported from: MyProject
Owned roots: 3
Gear id: Cold_ab
Gear leaf: Chest"
Gear,GearCold_ab_Feet,Mapped,"Assets/Sprites/SpriteLibraries/Esperanza/Gear/GearFootLeft_split/cold_ab_foot_left.spriteSheetLib
Assets/Sprites/SpriteLibraries/Esperanza/Gear/GearCalfLeft_split/cold_ab_calf_left.spriteSheetLib
Assets/Sprites/SpriteLibraries/Esperanza/Gear/GearFootRight_split/cold_ab_foot_right.spriteSheetLib
Assets/Sprites/SpriteLibraries/Esperanza/Gear/GearCalfRight_split/cold_ab_calf_right.spriteSheetLib",D:\localDev\Unity\Esperanza\MyProjectContent\GearCold_ab_Feet,Packages/com.skaraman.myprojectcontent/GearCold_ab_Feet,430c0b62488701a79b011dbf6b31da1524571a26,"sprite_library: Assets/Sprites/SpriteLibraries/Esperanza/Gear/GearFootLeft_split/cold_ab_foot_left.spriteSheetLib -> Sprites/SpriteLibraries/Esperanza/Gear/GearFootLeft_split
sprite_library: Assets/Sprites/SpriteLibraries/Esperanza/Gear/GearCalfLeft_split/cold_ab_calf_left.spriteSheetLib -> Sprites/SpriteLibraries/Esperanza/Gear/GearCalfLeft_split
sprite_library: Assets/Sprites/SpriteLibraries/Esperanza/Gear/GearFootRight_split/cold_ab_foot_right.spriteSheetLib -> Sprites/SpriteLibraries/Esperanza/Gear/GearFootRight_split
sprite_library: Assets/Sprites/SpriteLibraries/Esperanza/Gear/GearCalfRight_split/cold_ab_calf_right.spriteSheetLib -> Sprites/SpriteLibraries/Esperanza/Gear/GearCalfRight_split","External pack exists: True
Unity package asset root: Packages/com.skaraman.myprojectcontent/GearCold_ab_Feet
Addressable group: SpriteTextures__GearCold_ab_Feet
Manifest found: ContentPackManifest.json
Exported from: MyProject
Owned roots: 4
Gear id: Cold_ab
Gear leaf: Feet"
Gear,GearCold_ab_Head,Mapped,"Assets/Sprites/SpriteLibraries/Esperanza/Gear/GearHead_split/cold_ab_head.spriteSheetLib
Assets/Sprites/SpriteLibraries/Esperanza/Gear/GearHeadBack_split/cold_ab_head_back.spriteSheetLib",D:\localDev\Unity\Esperanza\MyProjectContent\GearCold_ab_Head,Packages/com.skaraman.myprojectcontent/GearCold_ab_Head,430c0b62488701a79b011dbf6b31da1524571a26,"sprite_library: Assets/Sprites/SpriteLibraries/Esperanza/Gear/GearHead_split/cold_ab_head.spriteSheetLib -> Sprites/SpriteLibraries/Esperanza/Gear/GearHead_split
sprite_library: Assets/Sprites/SpriteLibraries/Esperanza/Gear/GearHeadBack_split/cold_ab_head_back.spriteSheetLib -> Sprites/SpriteLibraries/Esperanza/Gear/GearHeadBack_split","External pack exists: True
Unity package asset root: Packages/com.skaraman.myprojectcontent/GearCold_ab_Head
Addressable group: SpriteTextures__GearCold_ab_Head
Manifest found: ContentPackManifest.json
Exported from: MyProject
Owned roots: 2
Gear id: Cold_ab
Gear leaf: Head"
Gear,GearCold_ab_Legs,Mapped,"Assets/Sprites/SpriteLibraries/Esperanza/Gear/GearThighRight_split/cold_ab_thigh_right.spriteSheetLib
Assets/Sprites/SpriteLibraries/Esperanza/Gear/GearThighLeft_split/cold_ab_thigh_left.spriteSheetLib
Assets/Sprites/SpriteLibraries/Esperanza/Gear/GearPelvis_split/cold_ab_pelvis.spriteSheetLib",D:\localDev\Unity\Esperanza\MyProjectContent\GearCold_ab_Legs,Packages/com.skaraman.myprojectcontent/GearCold_ab_Legs,430c0b62488701a79b011dbf6b31da1524571a26,"sprite_library: Assets/Sprites/SpriteLibraries/Esperanza/Gear/GearThighRight_split/cold_ab_thigh_right.spriteSheetLib -> Sprites/SpriteLibraries/Esperanza/Gear/GearThighRight_split
sprite_library: Assets/Sprites/SpriteLibraries/Esperanza/Gear/GearThighLeft_split/cold_ab_thigh_left.spriteSheetLib -> Sprites/SpriteLibraries/Esperanza/Gear/GearThighLeft_split
sprite_library: Assets/Sprites/SpriteLibraries/Esperanza/Gear/GearPelvis_split/cold_ab_pelvis.spriteSheetLib -> Sprites/SpriteLibraries/Esperanza/Gear/GearPelvis_split","External pack exists: True
Unity package asset root: Packages/com.skaraman.myprojectcontent/GearCold_ab_Legs
Addressable group: SpriteTextures__GearCold_ab_Legs
Manifest found: ContentPackManifest.json
Exported from: MyProject
Owned roots: 3
Gear id: Cold_ab
Gear leaf: Legs"
Gear,GearCold_ab_Shoulders,Mapped,"Assets/Sprites/SpriteLibraries/Esperanza/Gear/GearShoulderLeft_split/cold_ab_shoulder_left.spriteSheetLib
Assets/Sprites/SpriteLibraries/Esperanza/Gear/GearShoulderRight_split/cold_ab_shoulder_right.spriteSheetLib",D:\localDev\Unity\Esperanza\MyProjectContent\GearCold_ab_Shoulders,Packages/com.skaraman.myprojectcontent/GearCold_ab_Shoulders,430c0b62488701a79b011dbf6b31da1524571a26,"sprite_library: Assets/Sprites/SpriteLibraries/Esperanza/Gear/GearShoulderLeft_split/cold_ab_shoulder_left.spriteSheetLib -> Sprites/SpriteLibraries/Esperanza/Gear/GearShoulderLeft_split
sprite_library: Assets/Sprites/SpriteLibraries/Esperanza/Gear/GearShoulderRight_split/cold_ab_shoulder_right.spriteSheetLib -> Sprites/SpriteLibraries/Esperanza/Gear/GearShoulderRight_split","External pack exists: True
Unity package asset root: Packages/com.skaraman.myprojectcontent/GearCold_ab_Shoulders
Addressable group: SpriteTextures__GearCold_ab_Shoulders
Manifest found: ContentPackManifest.json
Exported from: MyProject
Owned roots: 2
Gear id: Cold_ab
Gear leaf: Shoulders"
Gear,GearCold_ac_Arms,Mapped,"Assets/Sprites/SpriteLibraries/Esperanza/Gear/GearForearmLeft_split/cold_ac_forearm_left.spriteSheetLib
Assets/Sprites/SpriteLibraries/Esperanza/Gear/GearForearmRight_split/cold_ac_forearm_right.spriteSheetLib
Assets/Sprites/SpriteLibraries/Esperanza/Gear/GearHandLeft_split/cold_ac_hand_left.spriteSheetLib
Assets/Sprites/SpriteLibraries/Esperanza/Gear/GearHandRight_split/cold_ac_hand_right.spriteSheetLib",D:\localDev\Unity\Esperanza\MyProjectContent\GearCold_ac_Arms,Packages/com.skaraman.myprojectcontent/GearCold_ac_Arms,430c0b62488701a79b011dbf6b31da1524571a26,"sprite_library: Assets/Sprites/SpriteLibraries/Esperanza/Gear/GearForearmLeft_split/cold_ac_forearm_left.spriteSheetLib -> Sprites/SpriteLibraries/Esperanza/Gear/GearForearmLeft_split
sprite_library: Assets/Sprites/SpriteLibraries/Esperanza/Gear/GearForearmRight_split/cold_ac_forearm_right.spriteSheetLib -> Sprites/SpriteLibraries/Esperanza/Gear/GearForearmRight_split
sprite_library: Assets/Sprites/SpriteLibraries/Esperanza/Gear/GearHandLeft_split/cold_ac_hand_left.spriteSheetLib -> Sprites/SpriteLibraries/Esperanza/Gear/GearHandLeft_split
sprite_library: Assets/Sprites/SpriteLibraries/Esperanza/Gear/GearHandRight_split/cold_ac_hand_right.spriteSheetLib -> Sprites/SpriteLibraries/Esperanza/Gear/GearHandRight_split","External pack exists: True
Unity package asset root: Packages/com.skaraman.myprojectcontent/GearCold_ac_Arms
Addressable group: SpriteTextures__GearCold_ac_Arms
Manifest found: ContentPackManifest.json
Exported from: MyProject
Owned roots: 4
Gear id: Cold_ac
Gear leaf: Arms"
Gear,GearCold_ac_Chest,Mapped,"Assets/Sprites/SpriteLibraries/Esperanza/Gear/GearArmRight_split/cold_ac_arm_right.spriteSheetLib
Assets/Sprites/SpriteLibraries/Esperanza/Gear/GearArmLeft_split/cold_ac_arm_left.spriteSheetLib
Assets/Sprites/SpriteLibraries/Esperanza/Gear/GearTorso_split/cold_ac_torso.spriteSheetLib",D:\localDev\Unity\Esperanza\MyProjectContent\GearCold_ac_Chest,Packages/com.skaraman.myprojectcontent/GearCold_ac_Chest,430c0b62488701a79b011dbf6b31da1524571a26,"sprite_library: Assets/Sprites/SpriteLibraries/Esperanza/Gear/GearArmRight_split/cold_ac_arm_right.spriteSheetLib -> Sprites/SpriteLibraries/Esperanza/Gear/GearArmRight_split
sprite_library: Assets/Sprites/SpriteLibraries/Esperanza/Gear/GearArmLeft_split/cold_ac_arm_left.spriteSheetLib -> Sprites/SpriteLibraries/Esperanza/Gear/GearArmLeft_split
sprite_library: Assets/Sprites/SpriteLibraries/Esperanza/Gear/GearTorso_split/cold_ac_torso.spriteSheetLib -> Sprites/SpriteLibraries/Esperanza/Gear/GearTorso_split","External pack exists: True
Unity package asset root: Packages/com.skaraman.myprojectcontent/GearCold_ac_Chest
Addressable group: SpriteTextures__GearCold_ac_Chest
Manifest found: ContentPackManifest.json
Exported from: MyProject
Owned roots: 3
Gear id: Cold_ac
Gear leaf: Chest"
Gear,GearCold_ac_Feet,Mapped,"Assets/Sprites/SpriteLibraries/Esperanza/Gear/GearFootLeft_split/cold_ac_foot_left.spriteSheetLib
Assets/Sprites/SpriteLibraries/Esperanza/Gear/GearCalfLeft_split/cold_ac_calf_left.spriteSheetLib
Assets/Sprites/SpriteLibraries/Esperanza/Gear/GearFootRight_split/cold_ac_foot_right.spriteSheetLib
Assets/Sprites/SpriteLibraries/Esperanza/Gear/GearCalfRight_split/cold_ac_calf_right.spriteSheetLib",D:\localDev\Unity\Esperanza\MyProjectContent\GearCold_ac_Feet,Packages/com.skaraman.myprojectcontent/GearCold_ac_Feet,430c0b62488701a79b011dbf6b31da1524571a26,"sprite_library: Assets/Sprites/SpriteLibraries/Esperanza/Gear/GearFootLeft_split/cold_ac_foot_left.spriteSheetLib -> Sprites/SpriteLibraries/Esperanza/Gear/GearFootLeft_split
sprite_library: Assets/Sprites/SpriteLibraries/Esperanza/Gear/GearCalfLeft_split/cold_ac_calf_left.spriteSheetLib -> Sprites/SpriteLibraries/Esperanza/Gear/GearCalfLeft_split
sprite_library: Assets/Sprites/SpriteLibraries/Esperanza/Gear/GearFootRight_split/cold_ac_foot_right.spriteSheetLib -> Sprites/SpriteLibraries/Esperanza/Gear/GearFootRight_split
sprite_library: Assets/Sprites/SpriteLibraries/Esperanza/Gear/GearCalfRight_split/cold_ac_calf_right.spriteSheetLib -> Sprites/SpriteLibraries/Esperanza/Gear/GearCalfRight_split","External pack exists: True
Unity package asset root: Packages/com.skaraman.myprojectcontent/GearCold_ac_Feet
Addressable group: SpriteTextures__GearCold_ac_Feet
Manifest found: ContentPackManifest.json
Exported from: MyProject
Owned roots: 4
Gear id: Cold_ac
Gear leaf: Feet"
Gear,GearCold_ac_Head,Mapped,"Assets/Sprites/SpriteLibraries/Esperanza/Gear/GearHead_split/cold_ac_head.spriteSheetLib
Assets/Sprites/SpriteLibraries/Esperanza/Gear/GearHeadBack_split/cold_ac_head_back.spriteSheetLib
Assets/Sprites/SpriteLibraries/Esperanza/Gear/GearNeck_split/cold_ac_neck.spriteSheetLib",D:\localDev\Unity\Esperanza\MyProjectContent\GearCold_ac_Head,Packages/com.skaraman.myprojectcontent/GearCold_ac_Head,430c0b62488701a79b011dbf6b31da1524571a26,"sprite_library: Assets/Sprites/SpriteLibraries/Esperanza/Gear/GearHead_split/cold_ac_head.spriteSheetLib -> Sprites/SpriteLibraries/Esperanza/Gear/GearHead_split
sprite_library: Assets/Sprites/SpriteLibraries/Esperanza/Gear/GearHeadBack_split/cold_ac_head_back.spriteSheetLib -> Sprites/SpriteLibraries/Esperanza/Gear/GearHeadBack_split
sprite_library: Assets/Sprites/SpriteLibraries/Esperanza/Gear/GearNeck_split/cold_ac_neck.spriteSheetLib -> Sprites/SpriteLibraries/Esperanza/Gear/GearNeck_split","External pack exists: True
Unity package asset root: Packages/com.skaraman.myprojectcontent/GearCold_ac_Head
Addressable group: SpriteTextures__GearCold_ac_Head
Manifest found: ContentPackManifest.json
Exported from: MyProject
Owned roots: 3
Gear id: Cold_ac
Gear leaf: Head"
Gear,GearCold_ac_Legs,Mapped,"Assets/Sprites/SpriteLibraries/Esperanza/Gear/GearThighRight_split/cold_ac_thigh_right.spriteSheetLib
Assets/Sprites/SpriteLibraries/Esperanza/Gear/GearThighLeft_split/cold_ac_thigh_left.spriteSheetLib
Assets/Sprites/SpriteLibraries/Esperanza/Gear/GearPelvis_split/cold_ac_pelvis.spriteSheetLib",D:\localDev\Unity\Esperanza\MyProjectContent\GearCold_ac_Legs,Packages/com.skaraman.myprojectcontent/GearCold_ac_Legs,430c0b62488701a79b011dbf6b31da1524571a26,"sprite_library: Assets/Sprites/SpriteLibraries/Esperanza/Gear/GearThighRight_split/cold_ac_thigh_right.spriteSheetLib -> Sprites/SpriteLibraries/Esperanza/Gear/GearThighRight_split
sprite_library: Assets/Sprites/SpriteLibraries/Esperanza/Gear/GearThighLeft_split/cold_ac_thigh_left.spriteSheetLib -> Sprites/SpriteLibraries/Esperanza/Gear/GearThighLeft_split
sprite_library: Assets/Sprites/SpriteLibraries/Esperanza/Gear/GearPelvis_split/cold_ac_pelvis.spriteSheetLib -> Sprites/SpriteLibraries/Esperanza/Gear/GearPelvis_split","External pack exists: True
Unity package asset root: Packages/com.skaraman.myprojectcontent/GearCold_ac_Legs
Addressable group: SpriteTextures__GearCold_ac_Legs
Manifest found: ContentPackManifest.json
Exported from: MyProject
Owned roots: 3
Gear id: Cold_ac
Gear leaf: Legs"
Gear,GearCold_ac_Shoulders,Mapped,"Assets/Sprites/SpriteLibraries/Esperanza/Gear/GearShoulderLeft_split/cold_ac_shoulder_left.spriteSheetLib
Assets/Sprites/SpriteLibraries/Esperanza/Gear/GearShoulderRight_split/cold_ac_shoulder_right.spriteSheetLib",D:\localDev\Unity\Esperanza\MyProjectContent\GearCold_ac_Shoulders,Packages/com.skaraman.myprojectcontent/GearCold_ac_Shoulders,430c0b62488701a79b011dbf6b31da1524571a26,"sprite_library: Assets/Sprites/SpriteLibraries/Esperanza/Gear/GearShoulderLeft_split/cold_ac_shoulder_left.spriteSheetLib -> Sprites/SpriteLibraries/Esperanza/Gear/GearShoulderLeft_split
sprite_library: Assets/Sprites/SpriteLibraries/Esperanza/Gear/GearShoulderRight_split/cold_ac_shoulder_right.spriteSheetLib -> Sprites/SpriteLibraries/Esperanza/Gear/GearShoulderRight_split","External pack exists: True
Unity package asset root: Packages/com.skaraman.myprojectcontent/GearCold_ac_Shoulders
Addressable group: SpriteTextures__GearCold_ac_Shoulders
Manifest found: ContentPackManifest.json
Exported from: MyProject
Owned roots: 2
Gear id: Cold_ac
Gear leaf: Shoulders"
Gear,GearDark_aa_Arms,Mapped,"Assets/Sprites/SpriteLibraries/Esperanza/Gear/GearForearmLeft_split/dark_aa_forearm_left.spriteSheetLib
Assets/Sprites/SpriteLibraries/Esperanza/Gear/GearForearmRight_split/dark_aa_forearm_right.spriteSheetLib
Assets/Sprites/SpriteLibraries/Esperanza/Gear/GearHandLeft_split/dark_aa_hand_left.spriteSheetLib
Assets/Sprites/SpriteLibraries/Esperanza/Gear/GearHandRight_split/dark_aa_hand_right.spriteSheetLib",D:\localDev\Unity\Esperanza\MyProjectContent\GearDark_aa_Arms,Packages/com.skaraman.myprojectcontent/GearDark_aa_Arms,430c0b62488701a79b011dbf6b31da1524571a26,"sprite_library: Assets/Sprites/SpriteLibraries/Esperanza/Gear/GearForearmLeft_split/dark_aa_forearm_left.spriteSheetLib -> Sprites/SpriteLibraries/Esperanza/Gear/GearForearmLeft_split
sprite_library: Assets/Sprites/SpriteLibraries/Esperanza/Gear/GearForearmRight_split/dark_aa_forearm_right.spriteSheetLib -> Sprites/SpriteLibraries/Esperanza/Gear/GearForearmRight_split
sprite_library: Assets/Sprites/SpriteLibraries/Esperanza/Gear/GearHandLeft_split/dark_aa_hand_left.spriteSheetLib -> Sprites/SpriteLibraries/Esperanza/Gear/GearHandLeft_split
sprite_library: Assets/Sprites/SpriteLibraries/Esperanza/Gear/GearHandRight_split/dark_aa_hand_right.spriteSheetLib -> Sprites/SpriteLibraries/Esperanza/Gear/GearHandRight_split","External pack exists: True
Unity package asset root: Packages/com.skaraman.myprojectcontent/GearDark_aa_Arms
Addressable group: SpriteTextures__GearDark_aa_Arms
Manifest found: ContentPackManifest.json
Exported from: MyProject
Owned roots: 4
Gear id: Dark_aa
Gear leaf: Arms"
Gear,GearDark_aa_Chest,Mapped,"Assets/Sprites/SpriteLibraries/Esperanza/Gear/GearArmRight_split/dark_aa_arm_right.spriteSheetLib
Assets/Sprites/SpriteLibraries/Esperanza/Gear/GearArmLeft_split/dark_aa_arm_left.spriteSheetLib
Assets/Sprites/SpriteLibraries/Esperanza/Gear/GearTorso_split/dark_aa_torso.spriteSheetLib",D:\localDev\Unity\Esperanza\MyProjectContent\GearDark_aa_Chest,Packages/com.skaraman.myprojectcontent/GearDark_aa_Chest,430c0b62488701a79b011dbf6b31da1524571a26,"sprite_library: Assets/Sprites/SpriteLibraries/Esperanza/Gear/GearArmRight_split/dark_aa_arm_right.spriteSheetLib -> Sprites/SpriteLibraries/Esperanza/Gear/GearArmRight_split
sprite_library: Assets/Sprites/SpriteLibraries/Esperanza/Gear/GearArmLeft_split/dark_aa_arm_left.spriteSheetLib -> Sprites/SpriteLibraries/Esperanza/Gear/GearArmLeft_split
sprite_library: Assets/Sprites/SpriteLibraries/Esperanza/Gear/GearTorso_split/dark_aa_torso.spriteSheetLib -> Sprites/SpriteLibraries/Esperanza/Gear/GearTorso_split","External pack exists: True
Unity package asset root: Packages/com.skaraman.myprojectcontent/GearDark_aa_Chest
Addressable group: SpriteTextures__GearDark_aa_Chest
Manifest found: ContentPackManifest.json
Exported from: MyProject
Owned roots: 3
Gear id: Dark_aa
Gear leaf: Chest"
Gear,GearDark_aa_Feet,Mapped,"Assets/Sprites/SpriteLibraries/Esperanza/Gear/GearFootLeft_split/dark_aa_foot_left.spriteSheetLib
Assets/Sprites/SpriteLibraries/Esperanza/Gear/GearCalfLeft_split/dark_aa_calf_left.spriteSheetLib
Assets/Sprites/SpriteLibraries/Esperanza/Gear/GearFootRight_split/dark_aa_foot_right.spriteSheetLib
Assets/Sprites/SpriteLibraries/Esperanza/Gear/GearCalfRight_split/dark_aa_calf_right.spriteSheetLib",D:\localDev\Unity\Esperanza\MyProjectContent\GearDark_aa_Feet,Packages/com.skaraman.myprojectcontent/GearDark_aa_Feet,430c0b62488701a79b011dbf6b31da1524571a26,"sprite_library: Assets/Sprites/SpriteLibraries/Esperanza/Gear/GearFootLeft_split/dark_aa_foot_left.spriteSheetLib -> Sprites/SpriteLibraries/Esperanza/Gear/GearFootLeft_split
sprite_library: Assets/Sprites/SpriteLibraries/Esperanza/Gear/GearCalfLeft_split/dark_aa_calf_left.spriteSheetLib -> Sprites/SpriteLibraries/Esperanza/Gear/GearCalfLeft_split
sprite_library: Assets/Sprites/SpriteLibraries/Esperanza/Gear/GearFootRight_split/dark_aa_foot_right.spriteSheetLib -> Sprites/SpriteLibraries/Esperanza/Gear/GearFootRight_split
sprite_library: Assets/Sprites/SpriteLibraries/Esperanza/Gear/GearCalfRight_split/dark_aa_calf_right.spriteSheetLib -> Sprites/SpriteLibraries/Esperanza/Gear/GearCalfRight_split","External pack exists: True
Unity package asset root: Packages/com.skaraman.myprojectcontent/GearDark_aa_Feet
Addressable group: SpriteTextures__GearDark_aa_Feet
Manifest found: ContentPackManifest.json
Exported from: MyProject
Owned roots: 4
Gear id: Dark_aa
Gear leaf: Feet"
Gear,GearDark_aa_Legs,Mapped,"Assets/Sprites/SpriteLibraries/Esperanza/Gear/GearThighRight_split/dark_aa_thigh_right.spriteSheetLib
Assets/Sprites/SpriteLibraries/Esperanza/Gear/GearThighLeft_split/dark_aa_thigh_left.spriteSheetLib
Assets/Sprites/SpriteLibraries/Esperanza/Gear/GearPelvis_split/dark_aa_pelvis.spriteSheetLib",D:\localDev\Unity\Esperanza\MyProjectContent\GearDark_aa_Legs,Packages/com.skaraman.myprojectcontent/GearDark_aa_Legs,430c0b62488701a79b011dbf6b31da1524571a26,"sprite_library: Assets/Sprites/SpriteLibraries/Esperanza/Gear/GearThighRight_split/dark_aa_thigh_right.spriteSheetLib -> Sprites/SpriteLibraries/Esperanza/Gear/GearThighRight_split
sprite_library: Assets/Sprites/SpriteLibraries/Esperanza/Gear/GearThighLeft_split/dark_aa_thigh_left.spriteSheetLib -> Sprites/SpriteLibraries/Esperanza/Gear/GearThighLeft_split
sprite_library: Assets/Sprites/SpriteLibraries/Esperanza/Gear/GearPelvis_split/dark_aa_pelvis.spriteSheetLib -> Sprites/SpriteLibraries/Esperanza/Gear/GearPelvis_split","External pack exists: True
Unity package asset root: Packages/com.skaraman.myprojectcontent/GearDark_aa_Legs
Addressable group: SpriteTextures__GearDark_aa_Legs
Manifest found: ContentPackManifest.json
Exported from: MyProject
Owned roots: 3
Gear id: Dark_aa
Gear leaf: Legs"
Gear,GearDark_ab_Arms,Mapped,"Assets/Sprites/SpriteLibraries/Esperanza/Gear/GearForearmLeft_split/dark_ab_forearm_left.spriteSheetLib
Assets/Sprites/SpriteLibraries/Esperanza/Gear/GearForearmRight_split/dark_ab_forearm_right.spriteSheetLib
Assets/Sprites/SpriteLibraries/Esperanza/Gear/GearHandLeft_split/dark_ab_hand_left.spriteSheetLib
Assets/Sprites/SpriteLibraries/Esperanza/Gear/GearHandRight_split/dark_ab_hand_right.spriteSheetLib",D:\localDev\Unity\Esperanza\MyProjectContent\GearDark_ab_Arms,Packages/com.skaraman.myprojectcontent/GearDark_ab_Arms,430c0b62488701a79b011dbf6b31da1524571a26,"sprite_library: Assets/Sprites/SpriteLibraries/Esperanza/Gear/GearForearmLeft_split/dark_ab_forearm_left.spriteSheetLib -> Sprites/SpriteLibraries/Esperanza/Gear/GearForearmLeft_split
sprite_library: Assets/Sprites/SpriteLibraries/Esperanza/Gear/GearForearmRight_split/dark_ab_forearm_right.spriteSheetLib -> Sprites/SpriteLibraries/Esperanza/Gear/GearForearmRight_split
sprite_library: Assets/Sprites/SpriteLibraries/Esperanza/Gear/GearHandLeft_split/dark_ab_hand_left.spriteSheetLib -> Sprites/SpriteLibraries/Esperanza/Gear/GearHandLeft_split
sprite_library: Assets/Sprites/SpriteLibraries/Esperanza/Gear/GearHandRight_split/dark_ab_hand_right.spriteSheetLib -> Sprites/SpriteLibraries/Esperanza/Gear/GearHandRight_split","External pack exists: True
Unity package asset root: Packages/com.skaraman.myprojectcontent/GearDark_ab_Arms
Addressable group: SpriteTextures__GearDark_ab_Arms
Manifest found: ContentPackManifest.json
Exported from: MyProject
Owned roots: 4
Gear id: Dark_ab
Gear leaf: Arms"
Gear,GearDark_ab_Belt,Mapped,Assets/Sprites/SpriteLibraries/Esperanza/Gear/GearBelt_split/dark_ab_belt.spriteSheetLib,D:\localDev\Unity\Esperanza\MyProjectContent\GearDark_ab_Belt,Packages/com.skaraman.myprojectcontent/GearDark_ab_Belt,430c0b62488701a79b011dbf6b31da1524571a26,sprite_library: Assets/Sprites/SpriteLibraries/Esperanza/Gear/GearBelt_split/dark_ab_belt.spriteSheetLib -> Sprites/SpriteLibraries/Esperanza/Gear/GearBelt_split,"External pack exists: True
Unity package asset root: Packages/com.skaraman.myprojectcontent/GearDark_ab_Belt
Addressable group: SpriteTextures__GearDark_ab_Belt
Manifest found: ContentPackManifest.json
Exported from: MyProject
Owned roots: 1
Gear id: Dark_ab
Gear leaf: Belt"
Gear,GearDark_ab_Chest,Mapped,"Assets/Sprites/SpriteLibraries/Esperanza/Gear/GearArmRight_split/dark_ab_arm_right.spriteSheetLib
Assets/Sprites/SpriteLibraries/Esperanza/Gear/GearArmLeft_split/dark_ab_arm_left.spriteSheetLib
Assets/Sprites/SpriteLibraries/Esperanza/Gear/GearTorso_split/dark_ab_torso.spriteSheetLib",D:\localDev\Unity\Esperanza\MyProjectContent\GearDark_ab_Chest,Packages/com.skaraman.myprojectcontent/GearDark_ab_Chest,430c0b62488701a79b011dbf6b31da1524571a26,"sprite_library: Assets/Sprites/SpriteLibraries/Esperanza/Gear/GearArmRight_split/dark_ab_arm_right.spriteSheetLib -> Sprites/SpriteLibraries/Esperanza/Gear/GearArmRight_split
sprite_library: Assets/Sprites/SpriteLibraries/Esperanza/Gear/GearArmLeft_split/dark_ab_arm_left.spriteSheetLib -> Sprites/SpriteLibraries/Esperanza/Gear/GearArmLeft_split
sprite_library: Assets/Sprites/SpriteLibraries/Esperanza/Gear/GearTorso_split/dark_ab_torso.spriteSheetLib -> Sprites/SpriteLibraries/Esperanza/Gear/GearTorso_split","External pack exists: True
Unity package asset root: Packages/com.skaraman.myprojectcontent/GearDark_ab_Chest
Addressable group: SpriteTextures__GearDark_ab_Chest
Manifest found: ContentPackManifest.json
Exported from: MyProject
Owned roots: 3
Gear id: Dark_ab
Gear leaf: Chest"
Gear,GearDark_ab_Feet,Mapped,"Assets/Sprites/SpriteLibraries/Esperanza/Gear/GearFootLeft_split/dark_ab_foot_left.spriteSheetLib
Assets/Sprites/SpriteLibraries/Esperanza/Gear/GearCalfLeft_split/dark_ab_calf_left.spriteSheetLib
Assets/Sprites/SpriteLibraries/Esperanza/Gear/GearFootRight_split/dark_ab_foot_right.spriteSheetLib
Assets/Sprites/SpriteLibraries/Esperanza/Gear/GearCalfRight_split/dark_ab_calf_right.spriteSheetLib",D:\localDev\Unity\Esperanza\MyProjectContent\GearDark_ab_Feet,Packages/com.skaraman.myprojectcontent/GearDark_ab_Feet,430c0b62488701a79b011dbf6b31da1524571a26,"sprite_library: Assets/Sprites/SpriteLibraries/Esperanza/Gear/GearFootLeft_split/dark_ab_foot_left.spriteSheetLib -> Sprites/SpriteLibraries/Esperanza/Gear/GearFootLeft_split
sprite_library: Assets/Sprites/SpriteLibraries/Esperanza/Gear/GearCalfLeft_split/dark_ab_calf_left.spriteSheetLib -> Sprites/SpriteLibraries/Esperanza/Gear/GearCalfLeft_split
sprite_library: Assets/Sprites/SpriteLibraries/Esperanza/Gear/GearFootRight_split/dark_ab_foot_right.spriteSheetLib -> Sprites/SpriteLibraries/Esperanza/Gear/GearFootRight_split
sprite_library: Assets/Sprites/SpriteLibraries/Esperanza/Gear/GearCalfRight_split/dark_ab_calf_right.spriteSheetLib -> Sprites/SpriteLibraries/Esperanza/Gear/GearCalfRight_split","External pack exists: True
Unity package asset root: Packages/com.skaraman.myprojectcontent/GearDark_ab_Feet
Addressable group: SpriteTextures__GearDark_ab_Feet
Manifest found: ContentPackManifest.json
Exported from: MyProject
Owned roots: 4
Gear id: Dark_ab
Gear leaf: Feet"
Gear,GearDark_ab_Head,Mapped,"Assets/Sprites/SpriteLibraries/Esperanza/Gear/GearHead_split/dark_ab_head.spriteSheetLib
Assets/Sprites/SpriteLibraries/Esperanza/Gear/GearNeck_split/dark_ab_neck.spriteSheetLib",D:\localDev\Unity\Esperanza\MyProjectContent\GearDark_ab_Head,Packages/com.skaraman.myprojectcontent/GearDark_ab_Head,430c0b62488701a79b011dbf6b31da1524571a26,"sprite_library: Assets/Sprites/SpriteLibraries/Esperanza/Gear/GearHead_split/dark_ab_head.spriteSheetLib -> Sprites/SpriteLibraries/Esperanza/Gear/GearHead_split
sprite_library: Assets/Sprites/SpriteLibraries/Esperanza/Gear/GearNeck_split/dark_ab_neck.spriteSheetLib -> Sprites/SpriteLibraries/Esperanza/Gear/GearNeck_split","External pack exists: True
Unity package asset root: Packages/com.skaraman.myprojectcontent/GearDark_ab_Head
Addressable group: SpriteTextures__GearDark_ab_Head
Manifest found: ContentPackManifest.json
Exported from: MyProject
Owned roots: 2
Gear id: Dark_ab
Gear leaf: Head"
Gear,GearDark_ab_Legs,Mapped,"Assets/Sprites/SpriteLibraries/Esperanza/Gear/GearThighRight_split/dark_ab_thigh_right.spriteSheetLib
Assets/Sprites/SpriteLibraries/Esperanza/Gear/GearThighLeft_split/dark_ab_thigh_left.spriteSheetLib
Assets/Sprites/SpriteLibraries/Esperanza/Gear/GearPelvis_split/dark_ab_pelvis.spriteSheetLib",D:\localDev\Unity\Esperanza\MyProjectContent\GearDark_ab_Legs,Packages/com.skaraman.myprojectcontent/GearDark_ab_Legs,430c0b62488701a79b011dbf6b31da1524571a26,"sprite_library: Assets/Sprites/SpriteLibraries/Esperanza/Gear/GearThighRight_split/dark_ab_thigh_right.spriteSheetLib -> Sprites/SpriteLibraries/Esperanza/Gear/GearThighRight_split
sprite_library: Assets/Sprites/SpriteLibraries/Esperanza/Gear/GearThighLeft_split/dark_ab_thigh_left.spriteSheetLib -> Sprites/SpriteLibraries/Esperanza/Gear/GearThighLeft_split
sprite_library: Assets/Sprites/SpriteLibraries/Esperanza/Gear/GearPelvis_split/dark_ab_pelvis.spriteSheetLib -> Sprites/SpriteLibraries/Esperanza/Gear/GearPelvis_split","External pack exists: True
Unity package asset root: Packages/com.skaraman.myprojectcontent/GearDark_ab_Legs
Addressable group: SpriteTextures__GearDark_ab_Legs
Manifest found: ContentPackManifest.json
Exported from: MyProject
Owned roots: 3
Gear id: Dark_ab
Gear leaf: Legs"
Gear,GearDark_ab_Shoulders,Mapped,"Assets/Sprites/SpriteLibraries/Esperanza/Gear/GearShoulderLeft_split/dark_ab_shoulder_left.spriteSheetLib
Assets/Sprites/SpriteLibraries/Esperanza/Gear/GearShoulderRight_split/dark_ab_shoulder_right.spriteSheetLib",D:\localDev\Unity\Esperanza\MyProjectContent\GearDark_ab_Shoulders,Packages/com.skaraman.myprojectcontent/GearDark_ab_Shoulders,430c0b62488701a79b011dbf6b31da1524571a26,"sprite_library: Assets/Sprites/SpriteLibraries/Esperanza/Gear/GearShoulderLeft_split/dark_ab_shoulder_left.spriteSheetLib -> Sprites/SpriteLibraries/Esperanza/Gear/GearShoulderLeft_split
sprite_library: Assets/Sprites/SpriteLibraries/Esperanza/Gear/GearShoulderRight_split/dark_ab_shoulder_right.spriteSheetLib -> Sprites/SpriteLibraries/Esperanza/Gear/GearShoulderRight_split","External pack exists: True
Unity package asset root: Packages/com.skaraman.myprojectcontent/GearDark_ab_Shoulders
Addressable group: SpriteTextures__GearDark_ab_Shoulders
Manifest found: ContentPackManifest.json
Exported from: MyProject
Owned roots: 2
Gear id: Dark_ab
Gear leaf: Shoulders"
Gear,GearDark_ac_Arms,Mapped,"Assets/Sprites/SpriteLibraries/Esperanza/Gear/GearForearmLeft_split/dark_ac_forearm_left.spriteSheetLib
Assets/Sprites/SpriteLibraries/Esperanza/Gear/GearForearmRight_split/dark_ac_forearm_right.spriteSheetLib
Assets/Sprites/SpriteLibraries/Esperanza/Gear/GearHandLeft_split/dark_ac_hand_left.spriteSheetLib
Assets/Sprites/SpriteLibraries/Esperanza/Gear/GearHandRight_split/dark_ac_hand_right.spriteSheetLib",D:\localDev\Unity\Esperanza\MyProjectContent\GearDark_ac_Arms,Packages/com.skaraman.myprojectcontent/GearDark_ac_Arms,430c0b62488701a79b011dbf6b31da1524571a26,"sprite_library: Assets/Sprites/SpriteLibraries/Esperanza/Gear/GearForearmLeft_split/dark_ac_forearm_left.spriteSheetLib -> Sprites/SpriteLibraries/Esperanza/Gear/GearForearmLeft_split
sprite_library: Assets/Sprites/SpriteLibraries/Esperanza/Gear/GearForearmRight_split/dark_ac_forearm_right.spriteSheetLib -> Sprites/SpriteLibraries/Esperanza/Gear/GearForearmRight_split
sprite_library: Assets/Sprites/SpriteLibraries/Esperanza/Gear/GearHandLeft_split/dark_ac_hand_left.spriteSheetLib -> Sprites/SpriteLibraries/Esperanza/Gear/GearHandLeft_split
sprite_library: Assets/Sprites/SpriteLibraries/Esperanza/Gear/GearHandRight_split/dark_ac_hand_right.spriteSheetLib -> Sprites/SpriteLibraries/Esperanza/Gear/GearHandRight_split","External pack exists: True
Unity package asset root: Packages/com.skaraman.myprojectcontent/GearDark_ac_Arms
Addressable group: SpriteTextures__GearDark_ac_Arms
Manifest found: ContentPackManifest.json
Exported from: MyProject
Owned roots: 4
Gear id: Dark_ac
Gear leaf: Arms"
Gear,GearDark_ac_Chest,Mapped,"Assets/Sprites/SpriteLibraries/Esperanza/Gear/GearArmRight_split/dark_ac_arm_right.spriteSheetLib
Assets/Sprites/SpriteLibraries/Esperanza/Gear/GearArmLeft_split/dark_ac_arm_left.spriteSheetLib
Assets/Sprites/SpriteLibraries/Esperanza/Gear/GearTorso_split/dark_ac_torso.spriteSheetLib",D:\localDev\Unity\Esperanza\MyProjectContent\GearDark_ac_Chest,Packages/com.skaraman.myprojectcontent/GearDark_ac_Chest,430c0b62488701a79b011dbf6b31da1524571a26,"sprite_library: Assets/Sprites/SpriteLibraries/Esperanza/Gear/GearArmRight_split/dark_ac_arm_right.spriteSheetLib -> Sprites/SpriteLibraries/Esperanza/Gear/GearArmRight_split
sprite_library: Assets/Sprites/SpriteLibraries/Esperanza/Gear/GearArmLeft_split/dark_ac_arm_left.spriteSheetLib -> Sprites/SpriteLibraries/Esperanza/Gear/GearArmLeft_split
sprite_library: Assets/Sprites/SpriteLibraries/Esperanza/Gear/GearTorso_split/dark_ac_torso.spriteSheetLib -> Sprites/SpriteLibraries/Esperanza/Gear/GearTorso_split","External pack exists: True
Unity package asset root: Packages/com.skaraman.myprojectcontent/GearDark_ac_Chest
Addressable group: SpriteTextures__GearDark_ac_Chest
Manifest found: ContentPackManifest.json
Exported from: MyProject
Owned roots: 3
Gear id: Dark_ac
Gear leaf: Chest"
Gear,GearDark_ac_Feet,Mapped,"Assets/Sprites/SpriteLibraries/Esperanza/Gear/GearFootLeft_split/dark_ac_foot_left.spriteSheetLib
Assets/Sprites/SpriteLibraries/Esperanza/Gear/GearCalfLeft_split/dark_ac_calf_left.spriteSheetLib
Assets/Sprites/SpriteLibraries/Esperanza/Gear/GearFootRight_split/dark_ac_foot_right.spriteSheetLib
Assets/Sprites/SpriteLibraries/Esperanza/Gear/GearCalfRight_split/dark_ac_calf_right.spriteSheetLib",D:\localDev\Unity\Esperanza\MyProjectContent\GearDark_ac_Feet,Packages/com.skaraman.myprojectcontent/GearDark_ac_Feet,430c0b62488701a79b011dbf6b31da1524571a26,"sprite_library: Assets/Sprites/SpriteLibraries/Esperanza/Gear/GearFootLeft_split/dark_ac_foot_left.spriteSheetLib -> Sprites/SpriteLibraries/Esperanza/Gear/GearFootLeft_split
sprite_library: Assets/Sprites/SpriteLibraries/Esperanza/Gear/GearCalfLeft_split/dark_ac_calf_left.spriteSheetLib -> Sprites/SpriteLibraries/Esperanza/Gear/GearCalfLeft_split
sprite_library: Assets/Sprites/SpriteLibraries/Esperanza/Gear/GearFootRight_split/dark_ac_foot_right.spriteSheetLib -> Sprites/SpriteLibraries/Esperanza/Gear/GearFootRight_split
sprite_library: Assets/Sprites/SpriteLibraries/Esperanza/Gear/GearCalfRight_split/dark_ac_calf_right.spriteSheetLib -> Sprites/SpriteLibraries/Esperanza/Gear/GearCalfRight_split","External pack exists: True
Unity package asset root: Packages/com.skaraman.myprojectcontent/GearDark_ac_Feet
Addressable group: SpriteTextures__GearDark_ac_Feet
Manifest found: ContentPackManifest.json
Exported from: MyProject
Owned roots: 4
Gear id: Dark_ac
Gear leaf: Feet"
Gear,GearDark_ac_Head,Mapped,"Assets/Sprites/SpriteLibraries/Esperanza/Gear/GearHead_split/dark_ac_head.spriteSheetLib
Assets/Sprites/SpriteLibraries/Esperanza/Gear/GearNeck_split/dark_ac_neck.spriteSheetLib",D:\localDev\Unity\Esperanza\MyProjectContent\GearDark_ac_Head,Packages/com.skaraman.myprojectcontent/GearDark_ac_Head,430c0b62488701a79b011dbf6b31da1524571a26,"sprite_library: Assets/Sprites/SpriteLibraries/Esperanza/Gear/GearHead_split/dark_ac_head.spriteSheetLib -> Sprites/SpriteLibraries/Esperanza/Gear/GearHead_split
sprite_library: Assets/Sprites/SpriteLibraries/Esperanza/Gear/GearNeck_split/dark_ac_neck.spriteSheetLib -> Sprites/SpriteLibraries/Esperanza/Gear/GearNeck_split","External pack exists: True
Unity package asset root: Packages/com.skaraman.myprojectcontent/GearDark_ac_Head
Addressable group: SpriteTextures__GearDark_ac_Head
Manifest found: ContentPackManifest.json
Exported from: MyProject
Owned roots: 2
Gear id: Dark_ac
Gear leaf: Head"
Gear,GearDark_ac_Legs,Mapped,"Assets/Sprites/SpriteLibraries/Esperanza/Gear/GearThighRight_split/dark_ac_thigh_right.spriteSheetLib
Assets/Sprites/SpriteLibraries/Esperanza/Gear/GearThighLeft_split/dark_ac_thigh_left.spriteSheetLib
Assets/Sprites/SpriteLibraries/Esperanza/Gear/GearPelvis_split/dark_ac_pelvis.spriteSheetLib",D:\localDev\Unity\Esperanza\MyProjectContent\GearDark_ac_Legs,Packages/com.skaraman.myprojectcontent/GearDark_ac_Legs,430c0b62488701a79b011dbf6b31da1524571a26,"sprite_library: Assets/Sprites/SpriteLibraries/Esperanza/Gear/GearThighRight_split/dark_ac_thigh_right.spriteSheetLib -> Sprites/SpriteLibraries/Esperanza/Gear/GearThighRight_split
sprite_library: Assets/Sprites/SpriteLibraries/Esperanza/Gear/GearThighLeft_split/dark_ac_thigh_left.spriteSheetLib -> Sprites/SpriteLibraries/Esperanza/Gear/GearThighLeft_split
sprite_library: Assets/Sprites/SpriteLibraries/Esperanza/Gear/GearPelvis_split/dark_ac_pelvis.spriteSheetLib -> Sprites/SpriteLibraries/Esperanza/Gear/GearPelvis_split","External pack exists: True
Unity package asset root: Packages/com.skaraman.myprojectcontent/GearDark_ac_Legs
Addressable group: SpriteTextures__GearDark_ac_Legs
Manifest found: ContentPackManifest.json
Exported from: MyProject
Owned roots: 3
Gear id: Dark_ac
Gear leaf: Legs"
Gear,GearDark_ac_Shoulders,Mapped,"Assets/Sprites/SpriteLibraries/Esperanza/Gear/GearShoulderLeft_split/dark_ac_shoulder_left.spriteSheetLib
Assets/Sprites/SpriteLibraries/Esperanza/Gear/GearShoulderRight_split/dark_ac_shoulder_right.spriteSheetLib",D:\localDev\Unity\Esperanza\MyProjectContent\GearDark_ac_Shoulders,Packages/com.skaraman.myprojectcontent/GearDark_ac_Shoulders,430c0b62488701a79b011dbf6b31da1524571a26,"sprite_library: Assets/Sprites/SpriteLibraries/Esperanza/Gear/GearShoulderLeft_split/dark_ac_shoulder_left.spriteSheetLib -> Sprites/SpriteLibraries/Esperanza/Gear/GearShoulderLeft_split
sprite_library: Assets/Sprites/SpriteLibraries/Esperanza/Gear/GearShoulderRight_split/dark_ac_shoulder_right.spriteSheetLib -> Sprites/SpriteLibraries/Esperanza/Gear/GearShoulderRight_split","External pack exists: True
Unity package asset root: Packages/com.skaraman.myprojectcontent/GearDark_ac_Shoulders
Addressable group: SpriteTextures__GearDark_ac_Shoulders
Manifest found: ContentPackManifest.json
Exported from: MyProject
Owned roots: 2
Gear id: Dark_ac
Gear leaf: Shoulders"
Gear,GearFire_aa_Chest,Mapped,"Assets/Sprites/SpriteLibraries/Esperanza/Gear/GearArmRight_split/fire_aa_arm_right.spriteSheetLib
Assets/Sprites/SpriteLibraries/Esperanza/Gear/GearArmLeft_split/fire_aa_arm_left.spriteSheetLib
Assets/Sprites/SpriteLibraries/Esperanza/Gear/GearTorso_split/fire_aa_torso.spriteSheetLib",D:\localDev\Unity\Esperanza\MyProjectContent\GearFire_aa_Chest,Packages/com.skaraman.myprojectcontent/GearFire_aa_Chest,430c0b62488701a79b011dbf6b31da1524571a26,"sprite_library: Assets/Sprites/SpriteLibraries/Esperanza/Gear/GearArmRight_split/fire_aa_arm_right.spriteSheetLib -> Sprites/SpriteLibraries/Esperanza/Gear/GearArmRight_split
sprite_library: Assets/Sprites/SpriteLibraries/Esperanza/Gear/GearArmLeft_split/fire_aa_arm_left.spriteSheetLib -> Sprites/SpriteLibraries/Esperanza/Gear/GearArmLeft_split
sprite_library: Assets/Sprites/SpriteLibraries/Esperanza/Gear/GearTorso_split/fire_aa_torso.spriteSheetLib -> Sprites/SpriteLibraries/Esperanza/Gear/GearTorso_split","External pack exists: True
Unity package asset root: Packages/com.skaraman.myprojectcontent/GearFire_aa_Chest
Addressable group: SpriteTextures__GearFire_aa_Chest
Manifest found: ContentPackManifest.json
Exported from: MyProject
Owned roots: 3
Gear id: Fire_aa
Gear leaf: Chest"
Gear,GearFire_aa_Legs,Mapped,Assets/Sprites/SpriteLibraries/Esperanza/Gear/GearPelvis_split/fire_aa_pelvis.spriteSheetLib,D:\localDev\Unity\Esperanza\MyProjectContent\GearFire_aa_Legs,Packages/com.skaraman.myprojectcontent/GearFire_aa_Legs,430c0b62488701a79b011dbf6b31da1524571a26,sprite_library: Assets/Sprites/SpriteLibraries/Esperanza/Gear/GearPelvis_split/fire_aa_pelvis.spriteSheetLib -> Sprites/SpriteLibraries/Esperanza/Gear/GearPelvis_split,"External pack exists: True
Unity package asset root: Packages/com.skaraman.myprojectcontent/GearFire_aa_Legs
Addressable group: SpriteTextures__GearFire_aa_Legs
Manifest found: ContentPackManifest.json
Exported from: MyProject
Owned roots: 1
Gear id: Fire_aa
Gear leaf: Legs"
Gear,GearFire_ab_Arms,Mapped,"Assets/Sprites/SpriteLibraries/Esperanza/Gear/GearForearmLeft_split/fire_ab_forearm_left.spriteSheetLib
Assets/Sprites/SpriteLibraries/Esperanza/Gear/GearForearmRight_split/fire_ab_forearm_right.spriteSheetLib",D:\localDev\Unity\Esperanza\MyProjectContent\GearFire_ab_Arms,Packages/com.skaraman.myprojectcontent/GearFire_ab_Arms,430c0b62488701a79b011dbf6b31da1524571a26,"sprite_library: Assets/Sprites/SpriteLibraries/Esperanza/Gear/GearForearmLeft_split/fire_ab_forearm_left.spriteSheetLib -> Sprites/SpriteLibraries/Esperanza/Gear/GearForearmLeft_split
sprite_library: Assets/Sprites/SpriteLibraries/Esperanza/Gear/GearForearmRight_split/fire_ab_forearm_right.spriteSheetLib -> Sprites/SpriteLibraries/Esperanza/Gear/GearForearmRight_split","External pack exists: True
Unity package asset root: Packages/com.skaraman.myprojectcontent/GearFire_ab_Arms
Addressable group: SpriteTextures__GearFire_ab_Arms
Manifest found: ContentPackManifest.json
Exported from: MyProject
Owned roots: 2
Gear id: Fire_ab
Gear leaf: Arms"
Gear,GearFire_ab_Chest,Mapped,"Assets/Sprites/SpriteLibraries/Esperanza/Gear/GearArmRight_split/fire_ab_arm_right.spriteSheetLib
Assets/Sprites/SpriteLibraries/Esperanza/Gear/GearArmLeft_split/fire_ab_arm_left.spriteSheetLib
Assets/Sprites/SpriteLibraries/Esperanza/Gear/GearTorso_split/fire_ab_torso.spriteSheetLib",D:\localDev\Unity\Esperanza\MyProjectContent\GearFire_ab_Chest,Packages/com.skaraman.myprojectcontent/GearFire_ab_Chest,430c0b62488701a79b011dbf6b31da1524571a26,"sprite_library: Assets/Sprites/SpriteLibraries/Esperanza/Gear/GearArmRight_split/fire_ab_arm_right.spriteSheetLib -> Sprites/SpriteLibraries/Esperanza/Gear/GearArmRight_split
sprite_library: Assets/Sprites/SpriteLibraries/Esperanza/Gear/GearArmLeft_split/fire_ab_arm_left.spriteSheetLib -> Sprites/SpriteLibraries/Esperanza/Gear/GearArmLeft_split
sprite_library: Assets/Sprites/SpriteLibraries/Esperanza/Gear/GearTorso_split/fire_ab_torso.spriteSheetLib -> Sprites/SpriteLibraries/Esperanza/Gear/GearTorso_split","External pack exists: True
Unity package asset root: Packages/com.skaraman.myprojectcontent/GearFire_ab_Chest
Addressable group: SpriteTextures__GearFire_ab_Chest
Manifest found: ContentPackManifest.json
Exported from: MyProject
Owned roots: 3
Gear id: Fire_ab
Gear leaf: Chest"
Gear,GearFire_ab_Feet,Mapped,"Assets/Sprites/SpriteLibraries/Esperanza/Gear/GearFootLeft_split/fire_ab_foot_left.spriteSheetLib
Assets/Sprites/SpriteLibraries/Esperanza/Gear/GearCalfLeft_split/fire_ab_calf_left.spriteSheetLib
Assets/Sprites/SpriteLibraries/Esperanza/Gear/GearFootRight_split/fire_ab_foot_right.spriteSheetLib
Assets/Sprites/SpriteLibraries/Esperanza/Gear/GearCalfRight_split/fire_ab_calf_right.spriteSheetLib",D:\localDev\Unity\Esperanza\MyProjectContent\GearFire_ab_Feet,Packages/com.skaraman.myprojectcontent/GearFire_ab_Feet,430c0b62488701a79b011dbf6b31da1524571a26,"sprite_library: Assets/Sprites/SpriteLibraries/Esperanza/Gear/GearFootLeft_split/fire_ab_foot_left.spriteSheetLib -> Sprites/SpriteLibraries/Esperanza/Gear/GearFootLeft_split
sprite_library: Assets/Sprites/SpriteLibraries/Esperanza/Gear/GearCalfLeft_split/fire_ab_calf_left.spriteSheetLib -> Sprites/SpriteLibraries/Esperanza/Gear/GearCalfLeft_split
sprite_library: Assets/Sprites/SpriteLibraries/Esperanza/Gear/GearFootRight_split/fire_ab_foot_right.spriteSheetLib -> Sprites/SpriteLibraries/Esperanza/Gear/GearFootRight_split
sprite_library: Assets/Sprites/SpriteLibraries/Esperanza/Gear/GearCalfRight_split/fire_ab_calf_right.spriteSheetLib -> Sprites/SpriteLibraries/Esperanza/Gear/GearCalfRight_split","External pack exists: True
Unity package asset root: Packages/com.skaraman.myprojectcontent/GearFire_ab_Feet
Addressable group: SpriteTextures__GearFire_ab_Feet
Manifest found: ContentPackManifest.json
Exported from: MyProject
Owned roots: 4
Gear id: Fire_ab
Gear leaf: Feet"
Gear,GearFire_ab_Head,Mapped,"Assets/Sprites/SpriteLibraries/Esperanza/Gear/GearHead_split/fire_ab_head.spriteSheetLib
Assets/Sprites/SpriteLibraries/Esperanza/Gear/GearNeck_split/fire_ab_neck.spriteSheetLib",D:\localDev\Unity\Esperanza\MyProjectContent\GearFire_ab_Head,Packages/com.skaraman.myprojectcontent/GearFire_ab_Head,430c0b62488701a79b011dbf6b31da1524571a26,"sprite_library: Assets/Sprites/SpriteLibraries/Esperanza/Gear/GearHead_split/fire_ab_head.spriteSheetLib -> Sprites/SpriteLibraries/Esperanza/Gear/GearHead_split
sprite_library: Assets/Sprites/SpriteLibraries/Esperanza/Gear/GearNeck_split/fire_ab_neck.spriteSheetLib -> Sprites/SpriteLibraries/Esperanza/Gear/GearNeck_split","External pack exists: True
Unity package asset root: Packages/com.skaraman.myprojectcontent/GearFire_ab_Head
Addressable group: SpriteTextures__GearFire_ab_Head
Manifest found: ContentPackManifest.json
Exported from: MyProject
Owned roots: 2
Gear id: Fire_ab
Gear leaf: Head"
Gear,GearFire_ab_Legs,Mapped,"Assets/Sprites/SpriteLibraries/Esperanza/Gear/GearThighRight_split/fire_ab_thigh_right.spriteSheetLib
Assets/Sprites/SpriteLibraries/Esperanza/Gear/GearThighLeft_split/fire_ab_thigh_left.spriteSheetLib
Assets/Sprites/SpriteLibraries/Esperanza/Gear/GearPelvis_split/fire_ab_pelvis.spriteSheetLib",D:\localDev\Unity\Esperanza\MyProjectContent\GearFire_ab_Legs,Packages/com.skaraman.myprojectcontent/GearFire_ab_Legs,430c0b62488701a79b011dbf6b31da1524571a26,"sprite_library: Assets/Sprites/SpriteLibraries/Esperanza/Gear/GearThighRight_split/fire_ab_thigh_right.spriteSheetLib -> Sprites/SpriteLibraries/Esperanza/Gear/GearThighRight_split
sprite_library: Assets/Sprites/SpriteLibraries/Esperanza/Gear/GearThighLeft_split/fire_ab_thigh_left.spriteSheetLib -> Sprites/SpriteLibraries/Esperanza/Gear/GearThighLeft_split
sprite_library: Assets/Sprites/SpriteLibraries/Esperanza/Gear/GearPelvis_split/fire_ab_pelvis.spriteSheetLib -> Sprites/SpriteLibraries/Esperanza/Gear/GearPelvis_split","External pack exists: True
Unity package asset root: Packages/com.skaraman.myprojectcontent/GearFire_ab_Legs
Addressable group: SpriteTextures__GearFire_ab_Legs
Manifest found: ContentPackManifest.json
Exported from: MyProject
Owned roots: 3
Gear id: Fire_ab
Gear leaf: Legs"
Gear,GearFire_ab_Shoulders,Mapped,"Assets/Sprites/SpriteLibraries/Esperanza/Gear/GearShoulderLeft_split/fire_ab_shoulder_left.spriteSheetLib
Assets/Sprites/SpriteLibraries/Esperanza/Gear/GearShoulderRight_split/fire_ab_shoulder_right.spriteSheetLib",D:\localDev\Unity\Esperanza\MyProjectContent\GearFire_ab_Shoulders,Packages/com.skaraman.myprojectcontent/GearFire_ab_Shoulders,430c0b62488701a79b011dbf6b31da1524571a26,"sprite_library: Assets/Sprites/SpriteLibraries/Esperanza/Gear/GearShoulderLeft_split/fire_ab_shoulder_left.spriteSheetLib -> Sprites/SpriteLibraries/Esperanza/Gear/GearShoulderLeft_split
sprite_library: Assets/Sprites/SpriteLibraries/Esperanza/Gear/GearShoulderRight_split/fire_ab_shoulder_right.spriteSheetLib -> Sprites/SpriteLibraries/Esperanza/Gear/GearShoulderRight_split","External pack exists: True
Unity package asset root: Packages/com.skaraman.myprojectcontent/GearFire_ab_Shoulders
Addressable group: SpriteTextures__GearFire_ab_Shoulders
Manifest found: ContentPackManifest.json
Exported from: MyProject
Owned roots: 2
Gear id: Fire_ab
Gear leaf: Shoulders"
Gear,GearFire_ac_Arms,Mapped,"Assets/Sprites/SpriteLibraries/Esperanza/Gear/GearForearmLeft_split/fire_ac_forearm_left.spriteSheetLib
Assets/Sprites/SpriteLibraries/Esperanza/Gear/GearForearmRight_split/fire_ac_forearm_right.spriteSheetLib",D:\localDev\Unity\Esperanza\MyProjectContent\GearFire_ac_Arms,Packages/com.skaraman.myprojectcontent/GearFire_ac_Arms,430c0b62488701a79b011dbf6b31da1524571a26,"sprite_library: Assets/Sprites/SpriteLibraries/Esperanza/Gear/GearForearmLeft_split/fire_ac_forearm_left.spriteSheetLib -> Sprites/SpriteLibraries/Esperanza/Gear/GearForearmLeft_split
sprite_library: Assets/Sprites/SpriteLibraries/Esperanza/Gear/GearForearmRight_split/fire_ac_forearm_right.spriteSheetLib -> Sprites/SpriteLibraries/Esperanza/Gear/GearForearmRight_split","External pack exists: True
Unity package asset root: Packages/com.skaraman.myprojectcontent/GearFire_ac_Arms
Addressable group: SpriteTextures__GearFire_ac_Arms
Manifest found: ContentPackManifest.json
Exported from: MyProject
Owned roots: 2
Gear id: Fire_ac
Gear leaf: Arms"
Gear,GearFire_ac_Chest,Mapped,"Assets/Sprites/SpriteLibraries/Esperanza/Gear/GearArmRight_split/fire_ac_arm_right.spriteSheetLib
Assets/Sprites/SpriteLibraries/Esperanza/Gear/GearArmLeft_split/fire_ac_arm_left.spriteSheetLib
Assets/Sprites/SpriteLibraries/Esperanza/Gear/GearTorso_split/fire_ac_torso.spriteSheetLib",D:\localDev\Unity\Esperanza\MyProjectContent\GearFire_ac_Chest,Packages/com.skaraman.myprojectcontent/GearFire_ac_Chest,430c0b62488701a79b011dbf6b31da1524571a26,"sprite_library: Assets/Sprites/SpriteLibraries/Esperanza/Gear/GearArmRight_split/fire_ac_arm_right.spriteSheetLib -> Sprites/SpriteLibraries/Esperanza/Gear/GearArmRight_split
sprite_library: Assets/Sprites/SpriteLibraries/Esperanza/Gear/GearArmLeft_split/fire_ac_arm_left.spriteSheetLib -> Sprites/SpriteLibraries/Esperanza/Gear/GearArmLeft_split
sprite_library: Assets/Sprites/SpriteLibraries/Esperanza/Gear/GearTorso_split/fire_ac_torso.spriteSheetLib -> Sprites/SpriteLibraries/Esperanza/Gear/GearTorso_split","External pack exists: True
Unity package asset root: Packages/com.skaraman.myprojectcontent/GearFire_ac_Chest
Addressable group: SpriteTextures__GearFire_ac_Chest
Manifest found: ContentPackManifest.json
Exported from: MyProject
Owned roots: 3
Gear id: Fire_ac
Gear leaf: Chest"
Gear,GearFire_ac_Feet,Mapped,"Assets/Sprites/SpriteLibraries/Esperanza/Gear/GearFootLeft_split/fire_ac_foot_left.spriteSheetLib
Assets/Sprites/SpriteLibraries/Esperanza/Gear/GearCalfLeft_split/fire_ac_calf_left.spriteSheetLib
Assets/Sprites/SpriteLibraries/Esperanza/Gear/GearFootRight_split/fire_ac_foot_right.spriteSheetLib
Assets/Sprites/SpriteLibraries/Esperanza/Gear/GearCalfRight_split/fire_ac_calf_right.spriteSheetLib",D:\localDev\Unity\Esperanza\MyProjectContent\GearFire_ac_Feet,Packages/com.skaraman.myprojectcontent/GearFire_ac_Feet,430c0b62488701a79b011dbf6b31da1524571a26,"sprite_library: Assets/Sprites/SpriteLibraries/Esperanza/Gear/GearFootLeft_split/fire_ac_foot_left.spriteSheetLib -> Sprites/SpriteLibraries/Esperanza/Gear/GearFootLeft_split
sprite_library: Assets/Sprites/SpriteLibraries/Esperanza/Gear/GearCalfLeft_split/fire_ac_calf_left.spriteSheetLib -> Sprites/SpriteLibraries/Esperanza/Gear/GearCalfLeft_split
sprite_library: Assets/Sprites/SpriteLibraries/Esperanza/Gear/GearFootRight_split/fire_ac_foot_right.spriteSheetLib -> Sprites/SpriteLibraries/Esperanza/Gear/GearFootRight_split
sprite_library: Assets/Sprites/SpriteLibraries/Esperanza/Gear/GearCalfRight_split/fire_ac_calf_right.spriteSheetLib -> Sprites/SpriteLibraries/Esperanza/Gear/GearCalfRight_split","External pack exists: True
Unity package asset root: Packages/com.skaraman.myprojectcontent/GearFire_ac_Feet
Addressable group: SpriteTextures__GearFire_ac_Feet
Manifest found: ContentPackManifest.json
Exported from: MyProject
Owned roots: 4
Gear id: Fire_ac
Gear leaf: Feet"
Gear,GearFire_ac_Head,Mapped,"Assets/Sprites/SpriteLibraries/Esperanza/Gear/GearHead_split/fire_ac_head.spriteSheetLib
Assets/Sprites/SpriteLibraries/Esperanza/Gear/GearHeadBack_split/fire_ac_head_back.spriteSheetLib
Assets/Sprites/SpriteLibraries/Esperanza/Gear/GearNeck_split/fire_ac_neck.spriteSheetLib",D:\localDev\Unity\Esperanza\MyProjectContent\GearFire_ac_Head,Packages/com.skaraman.myprojectcontent/GearFire_ac_Head,430c0b62488701a79b011dbf6b31da1524571a26,"sprite_library: Assets/Sprites/SpriteLibraries/Esperanza/Gear/GearHead_split/fire_ac_head.spriteSheetLib -> Sprites/SpriteLibraries/Esperanza/Gear/GearHead_split
sprite_library: Assets/Sprites/SpriteLibraries/Esperanza/Gear/GearHeadBack_split/fire_ac_head_back.spriteSheetLib -> Sprites/SpriteLibraries/Esperanza/Gear/GearHeadBack_split
sprite_library: Assets/Sprites/SpriteLibraries/Esperanza/Gear/GearNeck_split/fire_ac_neck.spriteSheetLib -> Sprites/SpriteLibraries/Esperanza/Gear/GearNeck_split","External pack exists: True
Unity package asset root: Packages/com.skaraman.myprojectcontent/GearFire_ac_Head
Addressable group: SpriteTextures__GearFire_ac_Head
Manifest found: ContentPackManifest.json
Exported from: MyProject
Owned roots: 3
Gear id: Fire_ac
Gear leaf: Head"
Gear,GearFire_ac_Legs,Mapped,"Assets/Sprites/SpriteLibraries/Esperanza/Gear/GearThighRight_split/fire_ac_thigh_right.spriteSheetLib
Assets/Sprites/SpriteLibraries/Esperanza/Gear/GearThighLeft_split/fire_ac_thigh_left.spriteSheetLib
Assets/Sprites/SpriteLibraries/Esperanza/Gear/GearPelvis_split/fire_ac_pelvis.spriteSheetLib",D:\localDev\Unity\Esperanza\MyProjectContent\GearFire_ac_Legs,Packages/com.skaraman.myprojectcontent/GearFire_ac_Legs,430c0b62488701a79b011dbf6b31da1524571a26,"sprite_library: Assets/Sprites/SpriteLibraries/Esperanza/Gear/GearThighRight_split/fire_ac_thigh_right.spriteSheetLib -> Sprites/SpriteLibraries/Esperanza/Gear/GearThighRight_split
sprite_library: Assets/Sprites/SpriteLibraries/Esperanza/Gear/GearThighLeft_split/fire_ac_thigh_left.spriteSheetLib -> Sprites/SpriteLibraries/Esperanza/Gear/GearThighLeft_split
sprite_library: Assets/Sprites/SpriteLibraries/Esperanza/Gear/GearPelvis_split/fire_ac_pelvis.spriteSheetLib -> Sprites/SpriteLibraries/Esperanza/Gear/GearPelvis_split","External pack exists: True
Unity package asset root: Packages/com.skaraman.myprojectcontent/GearFire_ac_Legs
Addressable group: SpriteTextures__GearFire_ac_Legs
Manifest found: ContentPackManifest.json
Exported from: MyProject
Owned roots: 3
Gear id: Fire_ac
Gear leaf: Legs"
Gear,GearFire_ac_Shoulders,Mapped,"Assets/Sprites/SpriteLibraries/Esperanza/Gear/GearShoulderLeft_split/fire_ac_shoulder_left.spriteSheetLib
Assets/Sprites/SpriteLibraries/Esperanza/Gear/GearShoulderRight_split/fire_ac_shoulder_right.spriteSheetLib",D:\localDev\Unity\Esperanza\MyProjectContent\GearFire_ac_Shoulders,Packages/com.skaraman.myprojectcontent/GearFire_ac_Shoulders,430c0b62488701a79b011dbf6b31da1524571a26,"sprite_library: Assets/Sprites/SpriteLibraries/Esperanza/Gear/GearShoulderLeft_split/fire_ac_shoulder_left.spriteSheetLib -> Sprites/SpriteLibraries/Esperanza/Gear/GearShoulderLeft_split
sprite_library: Assets/Sprites/SpriteLibraries/Esperanza/Gear/GearShoulderRight_split/fire_ac_shoulder_right.spriteSheetLib -> Sprites/SpriteLibraries/Esperanza/Gear/GearShoulderRight_split","External pack exists: True
Unity package asset root: Packages/com.skaraman.myprojectcontent/GearFire_ac_Shoulders
Addressable group: SpriteTextures__GearFire_ac_Shoulders
Manifest found: ContentPackManifest.json
Exported from: MyProject
Owned roots: 2
Gear id: Fire_ac
Gear leaf: Shoulders"
Enemy,EnemyImp,Mapped,Assets/Sprites/SpriteLibraries/Enemies/Imp.spriteSheetLib,D:\localDev\Unity\Esperanza\MyProjectContent\EnemyImp,Packages/com.skaraman.myprojectcontent/EnemyImp,430c0b62488701a79b011dbf6b31da1524571a26,sprite_library: Assets/Sprites/SpriteLibraries/Enemies/Imp.spriteSheetLib -> Sprites/SpriteLibraries/Enemies,"External pack exists: True
Unity package asset root: Packages/com.skaraman.myprojectcontent/EnemyImp
Addressable group: SpriteTextures__EnemyImp
Manifest found: ContentPackManifest.json
Exported from: MyProject
Owned roots: 1"
Environment,EnvEffects,Mapped,Assets/Sprites/SpriteLibraries/Effects/Effects.spriteSheetLib,D:\localDev\Unity\Esperanza\MyProjectContent\EnvEffects,Packages/com.skaraman.myprojectcontent/EnvEffects,430c0b62488701a79b011dbf6b31da1524571a26,sprite_library: Assets/Sprites/SpriteLibraries/Effects/Effects.spriteSheetLib -> Sprites/SpriteLibraries/Effects,"External pack exists: True
Unity package asset root: Packages/com.skaraman.myprojectcontent/EnvEffects
Addressable group: SpriteTextures__EnvEffects
Manifest found: ContentPackManifest.json
Exported from: MyProject
Owned roots: 1"
Environment,EnvFlowers,Mapped,Assets/Sprites/SpriteLibraries/Environments/Destructibles/Flowers.spriteSheetLib,D:\localDev\Unity\Esperanza\MyProjectContent\EnvFlowers,Packages/com.skaraman.myprojectcontent/EnvFlowers,430c0b62488701a79b011dbf6b31da1524571a26,sprite_library: Assets/Sprites/SpriteLibraries/Environments/Destructibles/Flowers.spriteSheetLib -> Sprites/SpriteLibraries/Environments/Destructibles,"External pack exists: True
Unity package asset root: Packages/com.skaraman.myprojectcontent/EnvFlowers
Addressable group: SpriteTextures__EnvFlowers
Manifest found: ContentPackManifest.json
Exported from: MyProject
Owned roots: 1"
Environment,EnvForestRuins,Mapped,Assets/Sprites/SpriteLibraries/Environments/ForestRuins.spriteSheetLib,D:\localDev\Unity\Esperanza\MyProjectContent\EnvForestRuins,Packages/com.skaraman.myprojectcontent/EnvForestRuins,430c0b62488701a79b011dbf6b31da1524571a26,sprite_library: Assets/Sprites/SpriteLibraries/Environments/ForestRuins.spriteSheetLib -> Sprites/SpriteLibraries/Environments,"External pack exists: True
Unity package asset root: Packages/com.skaraman.myprojectcontent/EnvForestRuins
Addressable group: SpriteTextures__EnvForestRuins
Manifest found: ContentPackManifest.json
Exported from: MyProject
Owned roots: 1"
Environment,EnvRocks,Mapped,Assets/Sprites/SpriteLibraries/Environments/Destructibles/Rocks.spriteSheetLib,D:\localDev\Unity\Esperanza\MyProjectContent\EnvRocks,Packages/com.skaraman.myprojectcontent/EnvRocks,430c0b62488701a79b011dbf6b31da1524571a26,sprite_library: Assets/Sprites/SpriteLibraries/Environments/Destructibles/Rocks.spriteSheetLib -> Sprites/SpriteLibraries/Environments/Destructibles,"External pack exists: True
Unity package asset root: Packages/com.skaraman.myprojectcontent/EnvRocks
Addressable group: SpriteTextures__EnvRocks
Manifest found: ContentPackManifest.json
Exported from: MyProject
Owned roots: 1"
Environment,EnvTrees,Mapped,Assets/Sprites/SpriteLibraries/Environments/Destructibles/Trees.spriteSheetLib,D:\localDev\Unity\Esperanza\MyProjectContent\EnvTrees,Packages/com.skaraman.myprojectcontent/EnvTrees,430c0b62488701a79b011dbf6b31da1524571a26,sprite_library: Assets/Sprites/SpriteLibraries/Environments/Destructibles/Trees.spriteSheetLib -> Sprites/SpriteLibraries/Environments/Destructibles,"External pack exists: True
Unity package asset root: Packages/com.skaraman.myprojectcontent/EnvTrees
Addressable group: SpriteTextures__EnvTrees
Manifest found: ContentPackManifest.json
Exported from: MyProject
Owned roots: 1"
Objective,EsperanzaBounces,Mapped,Assets/Sprites/SpriteLibraries/Esperanza/Bounces.spriteSheetLib,D:\localDev\Unity\Esperanza\MyProjectContent\EsperanzaBounces,Packages/com.skaraman.myprojectcontent/EsperanzaBounces,430c0b62488701a79b011dbf6b31da1524571a26,sprite_library: Assets/Sprites/SpriteLibraries/Esperanza/Bounces.spriteSheetLib -> Sprites/SpriteLibraries/Esperanza,"External pack exists: True
Unity package asset root: Packages/com.skaraman.myprojectcontent/EsperanzaBounces
Addressable group: SpriteTextures__EsperanzaBounces
Manifest found: ContentPackManifest.json
Exported from: MyProject
Owned roots: 1"
Objective,EsperanzaEffects,Mapped,Assets/Sprites/SpriteLibraries/Esperanza/Effects.spriteSheetLib,D:\localDev\Unity\Esperanza\MyProjectContent\EsperanzaEffects,Packages/com.skaraman.myprojectcontent/EsperanzaEffects,430c0b62488701a79b011dbf6b31da1524571a26,sprite_library: Assets/Sprites/SpriteLibraries/Esperanza/Effects.spriteSheetLib -> Sprites/SpriteLibraries/Esperanza,"External pack exists: True
Unity package asset root: Packages/com.skaraman.myprojectcontent/EsperanzaEffects
Addressable group: SpriteTextures__EsperanzaEffects
Manifest found: ContentPackManifest.json
Exported from: MyProject
Owned roots: 1"
Objective,EsperanzaSkinAnimations,Mapped,"Assets/Sprites/SpriteLibraries/Esperanza/Skin/SkinArmLeft.spriteSheetLib
Assets/Sprites/SpriteLibraries/Esperanza/Skin/SkinArmRight.spriteSheetLib
Assets/Sprites/SpriteLibraries/Esperanza/Skin/SkinCalfLeft.spriteSheetLib
Assets/Sprites/SpriteLibraries/Esperanza/Skin/SkinCalfRight.spriteSheetLib
Assets/Sprites/SpriteLibraries/Esperanza/Skin/SkinEyes.spriteSheetLib
Assets/Sprites/SpriteLibraries/Esperanza/Skin/SkinFootLeft.spriteSheetLib
Assets/Sprites/SpriteLibraries/Esperanza/Skin/SkinFootRight.spriteSheetLib
Assets/Sprites/SpriteLibraries/Esperanza/Skin/SkinForearmLeft.spriteSheetLib
Assets/Sprites/SpriteLibraries/Esperanza/Skin/SkinForearmRight.spriteSheetLib
Assets/Sprites/SpriteLibraries/Esperanza/Skin/SkinHair.spriteSheetLib
Assets/Sprites/SpriteLibraries/Esperanza/Skin/SkinHandLeft.spriteSheetLib
Assets/Sprites/SpriteLibraries/Esperanza/Skin/SkinHandRight.spriteSheetLib
Assets/Sprites/SpriteLibraries/Esperanza/Skin/SkinHead.spriteSheetLib
Assets/Sprites/SpriteLibraries/Esperanza/Skin/SkinNeck.spriteSheetLib
Assets/Sprites/SpriteLibraries/Esperanza/Skin/SkinPelvis.spriteSheetLib
Assets/Sprites/SpriteLibraries/Esperanza/Skin/SkinThighLeft.spriteSheetLib
Assets/Sprites/SpriteLibraries/Esperanza/Skin/SkinThighRight.spriteSheetLib
Assets/Sprites/SpriteLibraries/Esperanza/Skin/SkinTorso.spriteSheetLib",D:\localDev\Unity\Esperanza\MyProjectContent\EsperanzaSkinAnimations,Packages/com.skaraman.myprojectcontent/EsperanzaSkinAnimations,430c0b62488701a79b011dbf6b31da1524571a26,"sprite_library: Assets/Sprites/SpriteLibraries/Esperanza/Skin/SkinArmLeft.spriteSheetLib -> Sprites/SpriteLibraries/Esperanza/Skin
sprite_library: Assets/Sprites/SpriteLibraries/Esperanza/Skin/SkinArmRight.spriteSheetLib -> Sprites/SpriteLibraries/Esperanza/Skin
sprite_library: Assets/Sprites/SpriteLibraries/Esperanza/Skin/SkinCalfLeft.spriteSheetLib -> Sprites/SpriteLibraries/Esperanza/Skin
sprite_library: Assets/Sprites/SpriteLibraries/Esperanza/Skin/SkinCalfRight.spriteSheetLib -> Sprites/SpriteLibraries/Esperanza/Skin
sprite_library: Assets/Sprites/SpriteLibraries/Esperanza/Skin/SkinEyes.spriteSheetLib -> Sprites/SpriteLibraries/Esperanza/Skin
sprite_library: Assets/Sprites/SpriteLibraries/Esperanza/Skin/SkinFootLeft.spriteSheetLib -> Sprites/SpriteLibraries/Esperanza/Skin
sprite_library: Assets/Sprites/SpriteLibraries/Esperanza/Skin/SkinFootRight.spriteSheetLib -> Sprites/SpriteLibraries/Esperanza/Skin
sprite_library: Assets/Sprites/SpriteLibraries/Esperanza/Skin/SkinForearmLeft.spriteSheetLib -> Sprites/SpriteLibraries/Esperanza/Skin
sprite_library: Assets/Sprites/SpriteLibraries/Esperanza/Skin/SkinForearmRight.spriteSheetLib -> Sprites/SpriteLibraries/Esperanza/Skin
sprite_library: Assets/Sprites/SpriteLibraries/Esperanza/Skin/SkinHair.spriteSheetLib -> Sprites/SpriteLibraries/Esperanza/Skin
sprite_library: Assets/Sprites/SpriteLibraries/Esperanza/Skin/SkinHandLeft.spriteSheetLib -> Sprites/SpriteLibraries/Esperanza/Skin
sprite_library: Assets/Sprites/SpriteLibraries/Esperanza/Skin/SkinHandRight.spriteSheetLib -> Sprites/SpriteLibraries/Esperanza/Skin
sprite_library: Assets/Sprites/SpriteLibraries/Esperanza/Skin/SkinHead.spriteSheetLib -> Sprites/SpriteLibraries/Esperanza/Skin
sprite_library: Assets/Sprites/SpriteLibraries/Esperanza/Skin/SkinNeck.spriteSheetLib -> Sprites/SpriteLibraries/Esperanza/Skin
sprite_library: Assets/Sprites/SpriteLibraries/Esperanza/Skin/SkinPelvis.spriteSheetLib -> Sprites/SpriteLibraries/Esperanza/Skin
sprite_library: Assets/Sprites/SpriteLibraries/Esperanza/Skin/SkinThighLeft.spriteSheetLib -> Sprites/SpriteLibraries/Esperanza/Skin
sprite_library: Assets/Sprites/SpriteLibraries/Esperanza/Skin/SkinThighRight.spriteSheetLib -> Sprites/SpriteLibraries/Esperanza/Skin
sprite_library: Assets/Sprites/SpriteLibraries/Esperanza/Skin/SkinTorso.spriteSheetLib -> Sprites/SpriteLibraries/Esperanza/Skin","External pack exists: True
Unity package asset root: Packages/com.skaraman.myprojectcontent/EsperanzaSkinAnimations
Addressable group: SpriteTextures__EsperanzaSkinAnimations
Manifest found: ContentPackManifest.json
Exported from: MyProject
Owned roots: 18"
Objective,ObjectiveEpisode1,Mapped,Assets/Data/Objectives/ep1.1.json,D:\localDev\Unity\Esperanza\MyProjectContent\ObjectiveEpisode1,Packages/com.skaraman.myprojectcontent/ObjectiveEpisode1,430c0b62488701a79b011dbf6b31da1524571a26,text_asset: Assets/Data/Objectives/ep1.1.json -> Data/Objectives,"External pack exists: True
Unity package asset root: Packages/com.skaraman.myprojectcontent/ObjectiveEpisode1
Addressable group: SpriteTextures__ObjectiveEpisode1
Manifest found: ContentPackManifest.json
Exported from: MyProject
Owned roots: 1"
Dialog,DialogEpisode1,Mapped,Assets/Data/Dialog/ep1.1.json,D:\localDev\Unity\Esperanza\MyProjectContent\DialogEpisode1,Packages/com.skaraman.myprojectcontent/DialogEpisode1,430c0b62488701a79b011dbf6b31da1524571a26,text_asset: Assets/Data/Dialog/ep1.1.json -> Data/Dialog,"External pack exists: True
Unity package asset root: Packages/com.skaraman.myprojectcontent/DialogEpisode1
Addressable group: SpriteTextures__DialogEpisode1
Manifest found: ContentPackManifest.json
Exported from: MyProject
Owned roots: 1"
Dialog,DialogImp,Mapped,Assets/Sprites/SpriteLibraries/Dialog/DialogImp.spriteSheetLib,D:\localDev\Unity\Esperanza\MyProjectContent\DialogImp,Packages/com.skaraman.myprojectcontent/DialogImp,430c0b62488701a79b011dbf6b31da1524571a26,sprite_library: Assets/Sprites/SpriteLibraries/Dialog/DialogImp.spriteSheetLib -> Sprites/SpriteLibraries/Dialog,"External pack exists: True
Unity package asset root: Packages/com.skaraman.myprojectcontent/DialogImp
Addressable group: SpriteTextures__DialogImp
Manifest found: ContentPackManifest.json
Exported from: MyProject
Owned roots: 1"
UI,UIAqua,Mapped,Assets/Sprites/SpriteLibraries/FormUIs/AquaUI.spriteSheetLib,D:\localDev\Unity\Esperanza\MyProjectContent\UIAqua,Packages/com.skaraman.myprojectcontent/UIAqua,430c0b62488701a79b011dbf6b31da1524571a26,sprite_library: Assets/Sprites/SpriteLibraries/FormUIs/AquaUI.spriteSheetLib -> Sprites/SpriteLibraries/FormUIs,"External pack exists: True
Unity package asset root: Packages/com.skaraman.myprojectcontent/UIAqua
Addressable group: SpriteTextures__UIAqua
Manifest found: ContentPackManifest.json
Exported from: MyProject
Owned roots: 1"
UI,UIBase,Mapped,Assets/Sprites/SpriteLibraries/FormUIs/BaseUI.spriteSheetLib,D:\localDev\Unity\Esperanza\MyProjectContent\UIBase,Packages/com.skaraman.myprojectcontent/UIBase,430c0b62488701a79b011dbf6b31da1524571a26,sprite_library: Assets/Sprites/SpriteLibraries/FormUIs/BaseUI.spriteSheetLib -> Sprites/SpriteLibraries/FormUIs,"External pack exists: True
Unity package asset root: Packages/com.skaraman.myprojectcontent/UIBase
Addressable group: SpriteTextures__UIBase
Manifest found: ContentPackManifest.json
Exported from: MyProject
Owned roots: 1"
UI,UIBolt,Mapped,Assets/Sprites/SpriteLibraries/FormUIs/BoltUI.spriteSheetLib,D:\localDev\Unity\Esperanza\MyProjectContent\UIBolt,Packages/com.skaraman.myprojectcontent/UIBolt,430c0b62488701a79b011dbf6b31da1524571a26,sprite_library: Assets/Sprites/SpriteLibraries/FormUIs/BoltUI.spriteSheetLib -> Sprites/SpriteLibraries/FormUIs,"External pack exists: True
Unity package asset root: Packages/com.skaraman.myprojectcontent/UIBolt
Addressable group: SpriteTextures__UIBolt
Manifest found: ContentPackManifest.json
Exported from: MyProject
Owned roots: 1"
UI,UICold,Mapped,Assets/Sprites/SpriteLibraries/FormUIs/ColdUI.spriteSheetLib,D:\localDev\Unity\Esperanza\MyProjectContent\UICold,Packages/com.skaraman.myprojectcontent/UICold,430c0b62488701a79b011dbf6b31da1524571a26,sprite_library: Assets/Sprites/SpriteLibraries/FormUIs/ColdUI.spriteSheetLib -> Sprites/SpriteLibraries/FormUIs,"External pack exists: True
Unity package asset root: Packages/com.skaraman.myprojectcontent/UICold
Addressable group: SpriteTextures__UICold
Manifest found: ContentPackManifest.json
Exported from: MyProject
Owned roots: 1"
UI,UIDark,Mapped,Assets/Sprites/SpriteLibraries/FormUIs/DarkUI.spriteSheetLib,D:\localDev\Unity\Esperanza\MyProjectContent\UIDark,Packages/com.skaraman.myprojectcontent/UIDark,430c0b62488701a79b011dbf6b31da1524571a26,sprite_library: Assets/Sprites/SpriteLibraries/FormUIs/DarkUI.spriteSheetLib -> Sprites/SpriteLibraries/FormUIs,"External pack exists: True
Unity package asset root: Packages/com.skaraman.myprojectcontent/UIDark
Addressable group: SpriteTextures__UIDark
Manifest found: ContentPackManifest.json
Exported from: MyProject
Owned roots: 1"
UI,UIFire,Mapped,Assets/Sprites/SpriteLibraries/FormUIs/FireUI.spriteSheetLib,D:\localDev\Unity\Esperanza\MyProjectContent\UIFire,Packages/com.skaraman.myprojectcontent/UIFire,430c0b62488701a79b011dbf6b31da1524571a26,sprite_library: Assets/Sprites/SpriteLibraries/FormUIs/FireUI.spriteSheetLib -> Sprites/SpriteLibraries/FormUIs,"External pack exists: True
Unity package asset root: Packages/com.skaraman.myprojectcontent/UIFire
Addressable group: SpriteTextures__UIFire
Manifest found: ContentPackManifest.json
Exported from: MyProject
Owned roots: 1"
Episode,Episode01,Mapped,"main
Episode1_1
EsperanzaCore",,,,,"Episode flow: Episode01
Slices: main; Episode1_1; EsperanzaCore
Manifest: D:\localDev\Unity\Esperanza\MyProject\Assets\ContentManifest.json"
Slice,main,Mapped,Core,,,,,"Slice: main
IDs: Core
Manifest: D:\localDev\Unity\Esperanza\MyProject\Assets\ContentManifest.json"
Slice,Episode1_1,Mapped,"EnemyImp
EnvFlowers
EnvForestRuins
EnvRocks
EnvTrees
DialogImp
ObjectiveEpisode1
DialogEpisode1",,,,,"Slice: Episode1_1
IDs: EnemyImp; EnvFlowers; EnvForestRuins; EnvRocks; EnvTrees; DialogImp; ObjectiveEpisode1; DialogEpisode1
Manifest: D:\localDev\Unity\Esperanza\MyProject\Assets\ContentManifest.json"
Slice,EsperanzaCore,Mapped,"EsperanzaBounces
EsperanzaSkinAnimations
EsperanzaEffects
EnvEffects",,,,,"Slice: EsperanzaCore
IDs: EsperanzaBounces; EsperanzaSkinAnimations; EsperanzaEffects; EnvEffects
Manifest: D:\localDev\Unity\Esperanza\MyProject\Assets\ContentManifest.json"
